<?xml version="1.0" encoding="utf-8"?>
<!--/191607/276515/2.50/12/4/Connector/-->
<quadcept_library>
  <setting unit="mil" />
  <textstyle name="Default" height="47.244094488189" strokewidth="7.8740157480315" charwidth="47.244094488189" />
  <textstyle name="Dimension" height="19.6850393700787" strokewidth="0" charwidth="19.6850393700787" />
  <textstyle name="H127W0635TH00762" height="50" strokewidth="3" charwidth="25" />
  <textstyle name="H15W15TH02" height="59.0551181102362" strokewidth="7.8740157480315" charwidth="59.0551181102362" />
  <padstyle name="r200_61" surface="True" plated="False" isvia="False" nopaste="False" nomask="True" complex="False" holesize="0">
    <padshape layer="TOP" shape="rectangle" width="24.015748031496" height="78.740157480314" />
    <padshape layer="TOP_SOLDER_MASK" shape="rectangle" width="31.889763779527" height="86.614173228345" />
    <padshape layer="TOP_SOLDER_PASTE" shape="rectangle" width="24.015748031496" height="78.740157480314" />
  </padstyle>
  <padstyle name="r360_268" surface="True" plated="False" isvia="False" nopaste="False" nomask="True" complex="False" holesize="0">
    <padshape layer="TOP" shape="rectangle" width="105.51181102362" height="141.73228346457" />
    <padshape layer="TOP_SOLDER_MASK" shape="rectangle" width="113.38582677165" height="149.6062992126" />
    <padshape layer="TOP_SOLDER_PASTE" shape="rectangle" width="105.51181102362" height="141.73228346457" />
  </padstyle>
  <footprint name="1849530" originx="0" originy="0" pickpointx="0" pickpointy="0">
    <pcbpin number="1" name="1" style="r200_61" originx="-176.5748031496" originy="163.38582677165" rotation="0" />
    <pcbpin number="2" name="2" style="r200_61" originx="-137.20472440945" originy="163.38582677165" rotation="0" />
    <pcbpin number="3" name="3" style="r200_61" originx="-97.83464566929" originy="163.38582677165" rotation="0" />
    <pcbpin number="4" name="4" style="r200_61" originx="-58.464566929133" originy="163.38582677165" rotation="0" />
    <pcbpin number="5" name="5" style="r200_61" originx="-19.094488188976" originy="163.38582677165" rotation="0" />
    <pcbpin number="6" name="6" style="r200_61" originx="20.275590551181" originy="163.38582677165" rotation="0" />
    <pcbpin number="7" name="7" style="r200_61" originx="59.645669291338" originy="163.38582677165" rotation="0" />
    <pcbpin number="8" name="8" style="r200_61" originx="99.015748031495" originy="163.38582677165" rotation="0" />
    <pcbpin number="9" name="9" style="r200_61" originx="138.38582677165" originy="163.38582677165" rotation="0" />
    <pcbpin number="10" name="10" style="r200_61" originx="177.75590551181" originy="163.38582677165" rotation="0" />
    <pcbpin number="11" name="MP1" style="r360_268" originx="-294.29133858267" originy="53.149606299212" rotation="0" />
    <pcbpin number="12" name="MP2" style="r360_268" originx="294.29133858267" originy="53.149606299212" rotation="0" />
    <line layer="TOP_ASSEMBLY" originx="-352.75590551181" originy="124.01574803149" endx="352.75590551181" endy="124.01574803149" width="7.8740157480314" />
    <line layer="TOP_ASSEMBLY" originx="352.75590551181" originy="124.01574803149" endx="352.75590551181" endy="-163.38582677165" width="7.8740157480314" />
    <line layer="TOP_ASSEMBLY" originx="352.75590551181" originy="-163.38582677165" endx="-352.75590551181" endy="-163.38582677165" width="7.8740157480314" />
    <line layer="TOP_ASSEMBLY" originx="-352.75590551181" originy="-163.38582677165" endx="-352.75590551181" endy="124.01574803149" width="7.8740157480314" />
    <line layer="TOP_PLACE_BOUND" originx="-392.12598425196" originy="242.12598425197" endx="393.70078740157" endy="242.12598425197" width="3.9370078740157" />
    <line layer="TOP_PLACE_BOUND" originx="393.70078740157" originy="242.12598425197" endx="393.70078740157" endy="-204.72440944882" width="3.9370078740157" />
    <line layer="TOP_PLACE_BOUND" originx="393.70078740157" originy="-204.72440944882" endx="-392.12598425196" endy="-204.72440944882" width="3.9370078740157" />
    <line layer="TOP_PLACE_BOUND" originx="-392.12598425196" originy="-204.72440944882" endx="-392.12598425196" endy="242.12598425197" width="3.9370078740157" />
    <line layer="TOP_SILKSCREEN" originx="-352.75590551181" originy="-23.622047244094" endx="-352.75590551181" endy="-165.35433070866" width="3.9370078740157" />
    <line layer="TOP_SILKSCREEN" originx="-352.75590551181" originy="-165.35433070866" endx="354.33070866141" endy="-163.38582677165" width="3.9370078740157" />
    <line layer="TOP_SILKSCREEN" originx="354.33070866141" originy="-163.38582677165" endx="352.75590551181" endy="-23.622047244094" width="3.9370078740157" />
    <line layer="TOP_SILKSCREEN" originx="-224.40944881889" originy="124.01574803149" endx="-200.7874015748" endy="124.01574803149" width="3.9370078740157" />
    <line layer="TOP_SILKSCREEN" originx="200.7874015748" originy="124.01574803149" endx="224.40944881889" endy="124.01574803149" width="3.9370078740157" />
    <line layer="TOP_SILKSCREEN" originx="-224.40944881889" originy="163.38582677165" endx="-224.40944881889" endy="163.38582677165" width="3.9370078740157" />
    <arc layer="TOP_SILKSCREEN" originx="-224.40944881889" originy="165.35433070866" startangle="-90.0" sweepangle="180.0" radius="1.9685039370078" width="3.9370078740157" />
    <line layer="TOP_SILKSCREEN" originx="-224.40944881889" originy="167.32283464567" endx="-224.40944881889" endy="167.32283464567" width="3.9370078740157" />
    <arc layer="TOP_SILKSCREEN" originx="-224.40944881889" originy="165.35433070866" startangle="90.0" sweepangle="180.0" radius="1.9685039370078" width="3.9370078740157" />
  </footprint>
  <symbol name="1-84953-0" originx="0" originy="0">
    <line originx="200" originy="100" endx="800" endy="100" width="0" />
    <line originx="800" originy="-1000" endx="800" endy="100" width="0" />
    <line originx="800" originy="-1000" endx="200" endy="-1000" width="0" />
    <line originx="200" originy="100" endx="200" endy="-1000" width="0" />
    <sympin number="1" originx="800" originy="0" rotation="0" length="100" width="7.8740157480315" flipped="False">
      <text name="pinname" originx="770" originy="0" style="Default" rotation="0" justify="right" flipped="False" hidden="False" data="1" />
      <text name="pindes" originx="860" originy="20" style="Default" rotation="0" justify="lowerleft" flipped="False" hidden="False" data="1" />
    </sympin>
    <sympin number="2" originx="800" originy="-100" rotation="0" length="100" width="7.8740157480315" flipped="False">
      <text name="pinname" originx="770" originy="-100" style="Default" rotation="0" justify="right" flipped="False" hidden="False" data="2" />
      <text name="pindes" originx="860" originy="-80" style="Default" rotation="0" justify="lowerleft" flipped="False" hidden="False" data="2" />
    </sympin>
    <sympin number="3" originx="800" originy="-200" rotation="0" length="100" width="7.8740157480315" flipped="False">
      <text name="pinname" originx="770" originy="-200" style="Default" rotation="0" justify="right" flipped="False" hidden="False" data="3" />
      <text name="pindes" originx="860" originy="-180" style="Default" rotation="0" justify="lowerleft" flipped="False" hidden="False" data="3" />
    </sympin>
    <sympin number="4" originx="800" originy="-300" rotation="0" length="100" width="7.8740157480315" flipped="False">
      <text name="pinname" originx="770" originy="-300" style="Default" rotation="0" justify="right" flipped="False" hidden="False" data="4" />
      <text name="pindes" originx="860" originy="-280" style="Default" rotation="0" justify="lowerleft" flipped="False" hidden="False" data="4" />
    </sympin>
    <sympin number="5" originx="800" originy="-400" rotation="0" length="100" width="7.8740157480315" flipped="False">
      <text name="pinname" originx="770" originy="-400" style="Default" rotation="0" justify="right" flipped="False" hidden="False" data="5" />
      <text name="pindes" originx="860" originy="-380" style="Default" rotation="0" justify="lowerleft" flipped="False" hidden="False" data="5" />
    </sympin>
    <sympin number="6" originx="800" originy="-500" rotation="0" length="100" width="7.8740157480315" flipped="False">
      <text name="pinname" originx="770" originy="-500" style="Default" rotation="0" justify="right" flipped="False" hidden="False" data="6" />
      <text name="pindes" originx="860" originy="-480" style="Default" rotation="0" justify="lowerleft" flipped="False" hidden="False" data="6" />
    </sympin>
    <sympin number="7" originx="800" originy="-600" rotation="0" length="100" width="7.8740157480315" flipped="False">
      <text name="pinname" originx="770" originy="-600" style="Default" rotation="0" justify="right" flipped="False" hidden="False" data="7" />
      <text name="pindes" originx="860" originy="-580" style="Default" rotation="0" justify="lowerleft" flipped="False" hidden="False" data="7" />
    </sympin>
    <sympin number="8" originx="800" originy="-700" rotation="0" length="100" width="7.8740157480315" flipped="False">
      <text name="pinname" originx="770" originy="-700" style="Default" rotation="0" justify="right" flipped="False" hidden="False" data="8" />
      <text name="pindes" originx="860" originy="-680" style="Default" rotation="0" justify="lowerleft" flipped="False" hidden="False" data="8" />
    </sympin>
    <sympin number="9" originx="800" originy="-800" rotation="0" length="100" width="7.8740157480315" flipped="False">
      <text name="pinname" originx="770" originy="-800" style="Default" rotation="0" justify="right" flipped="False" hidden="False" data="9" />
      <text name="pindes" originx="860" originy="-780" style="Default" rotation="0" justify="lowerleft" flipped="False" hidden="False" data="9" />
    </sympin>
    <sympin number="10" originx="800" originy="-900" rotation="0" length="100" width="7.8740157480315" flipped="False">
      <text name="pinname" originx="770" originy="-900" style="Default" rotation="0" justify="right" flipped="False" hidden="False" data="10" />
      <text name="pindes" originx="860" originy="-880" style="Default" rotation="0" justify="lowerleft" flipped="False" hidden="False" data="10" />
    </sympin>
    <sympin number="11" originx="200" originy="0" rotation="180" length="100" width="7.8740157480315" flipped="False">
      <text name="pinname" originx="230" originy="0" style="Default" rotation="0" justify="left" flipped="False" hidden="False" data="MP1" />
      <text name="pindes" originx="140" originy="20" style="Default" rotation="0" justify="lowerright" flipped="False" hidden="False" data="MP1" />
    </sympin>
    <sympin number="12" originx="200" originy="-100" rotation="180" length="100" width="7.8740157480315" flipped="False">
      <text name="pinname" originx="230" originy="-100" style="Default" rotation="0" justify="left" flipped="False" hidden="False" data="MP2" />
      <text name="pindes" originx="140" originy="-80" style="Default" rotation="0" justify="lowerright" flipped="False" hidden="False" data="MP2" />
    </sympin>
  </symbol>
  <component name="1-84953-0" designatorprefix="J" height="107.87401574803" footprint="1849530">
    <comppin designator="1" sympin="1" pinswap="0" gateswap="0" gate="1" group="1" side="" type="Any" name="1" />
    <comppin designator="2" sympin="2" pinswap="0" gateswap="0" gate="1" group="1" side="" type="Any" name="2" />
    <comppin designator="3" sympin="3" pinswap="0" gateswap="0" gate="1" group="1" side="" type="Any" name="3" />
    <comppin designator="4" sympin="4" pinswap="0" gateswap="0" gate="1" group="1" side="" type="Any" name="4" />
    <comppin designator="5" sympin="5" pinswap="0" gateswap="0" gate="1" group="1" side="" type="Any" name="5" />
    <comppin designator="6" sympin="6" pinswap="0" gateswap="0" gate="1" group="1" side="" type="Any" name="6" />
    <comppin designator="7" sympin="7" pinswap="0" gateswap="0" gate="1" group="1" side="" type="Any" name="7" />
    <comppin designator="8" sympin="8" pinswap="0" gateswap="0" gate="1" group="1" side="" type="Any" name="8" />
    <comppin designator="9" sympin="9" pinswap="0" gateswap="0" gate="1" group="1" side="" type="Any" name="9" />
    <comppin designator="10" sympin="10" pinswap="0" gateswap="0" gate="1" group="1" side="" type="Any" name="10" />
    <comppin designator="MP1" sympin="11" pinswap="0" gateswap="0" gate="1" group="1" side="" type="Any" name="MP1" />
    <comppin designator="MP2" sympin="12" pinswap="0" gateswap="0" gate="1" group="1" side="" type="Any" name="MP2" />
    <attached_symbol gate="1" name="1-84953-0" />
    <pinmap designator="1" footprintpin="1" />
    <pinmap designator="2" footprintpin="2" />
    <pinmap designator="3" footprintpin="3" />
    <pinmap designator="4" footprintpin="4" />
    <pinmap designator="5" footprintpin="5" />
    <pinmap designator="6" footprintpin="6" />
    <pinmap designator="7" footprintpin="7" />
    <pinmap designator="8" footprintpin="8" />
    <pinmap designator="9" footprintpin="9" />
    <pinmap designator="10" footprintpin="10" />
    <pinmap designator="MP1" footprintpin="11" />
    <pinmap designator="MP2" footprintpin="12" />
    <text name="Datasheet" originx="0" originy="0" style="Default" rotation="0" justify="" flipped="False" hidden="True" data="https://www.te.com/commerce/DocumentDelivery/DDEController?Action=showdoc&amp;DocId=Customer Drawing84953A3pdfEnglishENG_CD_84953_A3.pdf1-84953-5" />
    <text name="Description" originx="0" originy="0" style="Default" rotation="0" justify="" flipped="False" hidden="True" data="10 way r/a top FFC SMT connector,1mm" />
    <text name="Mouser Part Number" originx="0" originy="0" style="Default" rotation="0" justify="" flipped="False" hidden="True" data="571-1-84953-0" />
    <text name="Mouser Price/Stock" originx="0" originy="0" style="Default" rotation="0" justify="" flipped="False" hidden="True" data="https://www.mouser.co.uk/ProductDetail/TE-Connectivity/1-84953-0?qs=uUkeXfjQ8uROgNfgw1lrfw%3D%3D" />
    <text name="Manufacturer_Name" originx="0" originy="0" style="Default" rotation="0" justify="" flipped="False" hidden="True" data="TE Connectivity" />
    <text name="Manufacturer_Part_Number" originx="850" originy="200" style="Default" rotation="0" justify="left" flipped="False" hidden="False" data="1-84953-0" />
  </component>
</quadcept_library>
