<?xml version="1.0" encoding="utf-8"?>
<!--/587074/1207749/2.50/18/0/Integrated Circuit/-->
<quadcept_library>
  <setting unit="mil" />
  <textstyle name="Default" height="47.244094488189" strokewidth="7.8740157480315" charwidth="47.244094488189" />
  <textstyle name="Dimension" height="19.6850393700787" strokewidth="0" charwidth="19.6850393700787" />
  <textstyle name="H127W0635TH00762" height="50" strokewidth="3" charwidth="25" />
  <textstyle name="H15W15TH02" height="59.0551181102362" strokewidth="7.8740157480315" charwidth="59.0551181102362" />
  <padstyle name="c115.9_h75.9" surface="False" plated="True" isvia="False" nopaste="True" nomask="True" complex="False" holesize="29.881889763779">
    <padshape layer="TOP" shape="round" width="45.629921259842" height="45.629921259842" />
    <padshape layer="TOP_SOLDER_MASK" shape="round" width="53.503937007873" height="53.503937007873" />
    <padshape layer="INNER" shape="round" width="45.629921259842" height="45.629921259842" />
    <padshape layer="BOTTOM" shape="round" width="45.629921259842" height="45.629921259842" />
    <padshape layer="BOTTOM_SOLDER_MASK" shape="round" width="53.503937007873" height="53.503937007873" />
  </padstyle>
  <padstyle name="s115.9_h75.9" surface="False" plated="True" isvia="False" nopaste="True" nomask="True" complex="False" holesize="29.881889763779">
    <padshape layer="TOP" shape="square" width="45.629921259842" height="45.629921259842" />
    <padshape layer="TOP_SOLDER_MASK" shape="square" width="53.503937007873" height="53.503937007873" />
    <padshape layer="INNER" shape="round" width="45.629921259842" height="45.629921259842" />
    <padshape layer="BOTTOM" shape="square" width="45.629921259842" height="45.629921259842" />
    <padshape layer="BOTTOM_SOLDER_MASK" shape="square" width="53.503937007873" height="53.503937007873" />
  </padstyle>
  <footprint name="DIP794W56P254L2286H533Q18N" originx="0" originy="0" pickpointx="0" pickpointy="0">
    <pcbpin number="1" name="1" style="s115.9_h75.9" originx="-156.25984251968" originy="400" rotation="90" />
    <pcbpin number="2" name="2" style="c115.9_h75.9" originx="-156.25984251968" originy="300" rotation="90" />
    <pcbpin number="3" name="3" style="c115.9_h75.9" originx="-156.25984251968" originy="200" rotation="90" />
    <pcbpin number="4" name="4" style="c115.9_h75.9" originx="-156.25984251968" originy="99.999999999999" rotation="90" />
    <pcbpin number="5" name="5" style="c115.9_h75.9" originx="-156.25984251968" originy="0" rotation="90" />
    <pcbpin number="6" name="6" style="c115.9_h75.9" originx="-156.25984251968" originy="-99.999999999999" rotation="90" />
    <pcbpin number="7" name="7" style="c115.9_h75.9" originx="-156.25984251968" originy="-200" rotation="90" />
    <pcbpin number="8" name="8" style="c115.9_h75.9" originx="-156.25984251968" originy="-300" rotation="90" />
    <pcbpin number="9" name="9" style="c115.9_h75.9" originx="-156.25984251968" originy="-400" rotation="90" />
    <pcbpin number="10" name="10" style="c115.9_h75.9" originx="156.25984251968" originy="-400" rotation="90" />
    <pcbpin number="11" name="11" style="c115.9_h75.9" originx="156.25984251968" originy="-300" rotation="90" />
    <pcbpin number="12" name="12" style="c115.9_h75.9" originx="156.25984251968" originy="-200" rotation="90" />
    <pcbpin number="13" name="13" style="c115.9_h75.9" originx="156.25984251968" originy="-99.999999999999" rotation="90" />
    <pcbpin number="14" name="14" style="c115.9_h75.9" originx="156.25984251968" originy="0" rotation="90" />
    <pcbpin number="15" name="15" style="c115.9_h75.9" originx="156.25984251968" originy="99.999999999999" rotation="90" />
    <pcbpin number="16" name="16" style="c115.9_h75.9" originx="156.25984251968" originy="200" rotation="90" />
    <pcbpin number="17" name="17" style="c115.9_h75.9" originx="156.25984251968" originy="300" rotation="90" />
    <pcbpin number="18" name="18" style="c115.9_h75.9" originx="156.25984251968" originy="400" rotation="90" />
    <line layer="TOP_PLACE_BOUND" originx="-195.15748031496" originy="469.84251968503" endx="195.15748031496" endy="469.84251968503" width="1.9685039370079" />
    <line layer="TOP_PLACE_BOUND" originx="195.15748031496" originy="469.84251968503" endx="195.15748031496" endy="-469.84251968503" width="1.9685039370079" />
    <line layer="TOP_PLACE_BOUND" originx="195.15748031496" originy="-469.84251968503" endx="-195.15748031496" endy="-469.84251968503" width="1.9685039370079" />
    <line layer="TOP_PLACE_BOUND" originx="-195.15748031496" originy="-469.84251968503" endx="-195.15748031496" endy="469.84251968503" width="1.9685039370079" />
    <line layer="TOP_ASSEMBLY" originx="-140" originy="459.99999999999" endx="140" endy="459.99999999999" width="3.9370078740157" />
    <line layer="TOP_ASSEMBLY" originx="140" originy="459.99999999999" endx="140" endy="-459.99999999999" width="3.9370078740157" />
    <line layer="TOP_ASSEMBLY" originx="140" originy="-459.99999999999" endx="-140" endy="-459.99999999999" width="3.9370078740157" />
    <line layer="TOP_ASSEMBLY" originx="-140" originy="-459.99999999999" endx="-140" endy="459.99999999999" width="3.9370078740157" />
    <line layer="TOP_ASSEMBLY" originx="-140" originy="409.99999999999" endx="-89.999999999999" endy="459.99999999999" width="3.9370078740157" />
    <line layer="TOP_SILKSCREEN" originx="-179.05511811023" originy="459.99999999999" endx="140" endy="459.99999999999" width="7.8740157480314" />
    <line layer="TOP_SILKSCREEN" originx="-140" originy="-459.99999999999" endx="140" endy="-459.99999999999" width="7.8740157480314" />
  </footprint>
  <symbol name="PIC16F716-E_P" originx="0" originy="0">
    <line originx="200" originy="100" endx="1900" endy="100" width="0" />
    <line originx="1900" originy="-900" endx="1900" endy="100" width="0" />
    <line originx="1900" originy="-900" endx="200" endy="-900" width="0" />
    <line originx="200" originy="100" endx="200" endy="-900" width="0" />
    <sympin number="1" originx="200" originy="0" rotation="180" length="100" width="7.8740157480315" flipped="False">
      <text name="pinname" originx="230" originy="0" style="Default" rotation="0" justify="left" flipped="False" hidden="False" data="RA2/AN2" />
      <text name="pindes" originx="140" originy="20" style="Default" rotation="0" justify="lowerright" flipped="False" hidden="False" data="1" />
    </sympin>
    <sympin number="2" originx="200" originy="-100" rotation="180" length="100" width="7.8740157480315" flipped="False">
      <text name="pinname" originx="230" originy="-100" style="Default" rotation="0" justify="left" flipped="False" hidden="False" data="RA3/AN3/VREF" />
      <text name="pindes" originx="140" originy="-80" style="Default" rotation="0" justify="lowerright" flipped="False" hidden="False" data="2" />
    </sympin>
    <sympin number="3" originx="200" originy="-200" rotation="180" length="100" width="7.8740157480315" flipped="False">
      <text name="pinname" originx="230" originy="-200" style="Default" rotation="0" justify="left" flipped="False" hidden="False" data="RA4/T0CKI" />
      <text name="pindes" originx="140" originy="-180" style="Default" rotation="0" justify="lowerright" flipped="False" hidden="False" data="3" />
    </sympin>
    <sympin number="4" originx="200" originy="-300" rotation="180" length="100" width="7.8740157480315" flipped="False">
      <text name="pinname" originx="230" originy="-300" style="Default" rotation="0" justify="left" flipped="False" hidden="False" data="\MCLR\/VPP" />
      <text name="pindes" originx="140" originy="-280" style="Default" rotation="0" justify="lowerright" flipped="False" hidden="False" data="4" />
    </sympin>
    <sympin number="5" originx="200" originy="-400" rotation="180" length="100" width="7.8740157480315" flipped="False">
      <text name="pinname" originx="230" originy="-400" style="Default" rotation="0" justify="left" flipped="False" hidden="False" data="VSS" />
      <text name="pindes" originx="140" originy="-380" style="Default" rotation="0" justify="lowerright" flipped="False" hidden="False" data="5" />
    </sympin>
    <sympin number="6" originx="200" originy="-500" rotation="180" length="100" width="7.8740157480315" flipped="False">
      <text name="pinname" originx="230" originy="-500" style="Default" rotation="0" justify="left" flipped="False" hidden="False" data="RB0/INT/\ECCPAS2" />
      <text name="pindes" originx="140" originy="-480" style="Default" rotation="0" justify="lowerright" flipped="False" hidden="False" data="6" />
    </sympin>
    <sympin number="7" originx="200" originy="-600" rotation="180" length="100" width="7.8740157480315" flipped="False">
      <text name="pinname" originx="230" originy="-600" style="Default" rotation="0" justify="left" flipped="False" hidden="False" data="RB1/T1OSO/T1CKI" />
      <text name="pindes" originx="140" originy="-580" style="Default" rotation="0" justify="lowerright" flipped="False" hidden="False" data="7" />
    </sympin>
    <sympin number="8" originx="200" originy="-700" rotation="180" length="100" width="7.8740157480315" flipped="False">
      <text name="pinname" originx="230" originy="-700" style="Default" rotation="0" justify="left" flipped="False" hidden="False" data="RB2/T1OSI" />
      <text name="pindes" originx="140" originy="-680" style="Default" rotation="0" justify="lowerright" flipped="False" hidden="False" data="8" />
    </sympin>
    <sympin number="9" originx="200" originy="-800" rotation="180" length="100" width="7.8740157480315" flipped="False">
      <text name="pinname" originx="230" originy="-800" style="Default" rotation="0" justify="left" flipped="False" hidden="False" data="RB3/CCP1/P1A" />
      <text name="pindes" originx="140" originy="-780" style="Default" rotation="0" justify="lowerright" flipped="False" hidden="False" data="9" />
    </sympin>
    <sympin number="18" originx="1900" originy="0" rotation="0" length="100" width="7.8740157480315" flipped="False">
      <text name="pinname" originx="1870" originy="0" style="Default" rotation="0" justify="right" flipped="False" hidden="False" data="RA1/AN1" />
      <text name="pindes" originx="1960" originy="20" style="Default" rotation="0" justify="lowerleft" flipped="False" hidden="False" data="18" />
    </sympin>
    <sympin number="17" originx="1900" originy="-100" rotation="0" length="100" width="7.8740157480315" flipped="False">
      <text name="pinname" originx="1870" originy="-100" style="Default" rotation="0" justify="right" flipped="False" hidden="False" data="RA0/AN0" />
      <text name="pindes" originx="1960" originy="-80" style="Default" rotation="0" justify="lowerleft" flipped="False" hidden="False" data="17" />
    </sympin>
    <sympin number="16" originx="1900" originy="-200" rotation="0" length="100" width="7.8740157480315" flipped="False">
      <text name="pinname" originx="1870" originy="-200" style="Default" rotation="0" justify="right" flipped="False" hidden="False" data="OSC1/CLKIN" />
      <text name="pindes" originx="1960" originy="-180" style="Default" rotation="0" justify="lowerleft" flipped="False" hidden="False" data="16" />
    </sympin>
    <sympin number="15" originx="1900" originy="-300" rotation="0" length="100" width="7.8740157480315" flipped="False">
      <text name="pinname" originx="1870" originy="-300" style="Default" rotation="0" justify="right" flipped="False" hidden="False" data="OSC2/CLKOUT" />
      <text name="pindes" originx="1960" originy="-280" style="Default" rotation="0" justify="lowerleft" flipped="False" hidden="False" data="15" />
    </sympin>
    <sympin number="14" originx="1900" originy="-400" rotation="0" length="100" width="7.8740157480315" flipped="False">
      <text name="pinname" originx="1870" originy="-400" style="Default" rotation="0" justify="right" flipped="False" hidden="False" data="VDD" />
      <text name="pindes" originx="1960" originy="-380" style="Default" rotation="0" justify="lowerleft" flipped="False" hidden="False" data="14" />
    </sympin>
    <sympin number="13" originx="1900" originy="-500" rotation="0" length="100" width="7.8740157480315" flipped="False">
      <text name="pinname" originx="1870" originy="-500" style="Default" rotation="0" justify="right" flipped="False" hidden="False" data="RB7/P1D" />
      <text name="pindes" originx="1960" originy="-480" style="Default" rotation="0" justify="lowerleft" flipped="False" hidden="False" data="13" />
    </sympin>
    <sympin number="12" originx="1900" originy="-600" rotation="0" length="100" width="7.8740157480315" flipped="False">
      <text name="pinname" originx="1870" originy="-600" style="Default" rotation="0" justify="right" flipped="False" hidden="False" data="RB6/P1C" />
      <text name="pindes" originx="1960" originy="-580" style="Default" rotation="0" justify="lowerleft" flipped="False" hidden="False" data="12" />
    </sympin>
    <sympin number="11" originx="1900" originy="-700" rotation="0" length="100" width="7.8740157480315" flipped="False">
      <text name="pinname" originx="1870" originy="-700" style="Default" rotation="0" justify="right" flipped="False" hidden="False" data="RB5/P1B" />
      <text name="pindes" originx="1960" originy="-680" style="Default" rotation="0" justify="lowerleft" flipped="False" hidden="False" data="11" />
    </sympin>
    <sympin number="10" originx="1900" originy="-800" rotation="0" length="100" width="7.8740157480315" flipped="False">
      <text name="pinname" originx="1870" originy="-800" style="Default" rotation="0" justify="right" flipped="False" hidden="False" data="RB4/\ECCPAS0" />
      <text name="pindes" originx="1960" originy="-780" style="Default" rotation="0" justify="lowerleft" flipped="False" hidden="False" data="10" />
    </sympin>
  </symbol>
  <component name="PIC16F716-E_P" designatorprefix="IC" height="210" footprint="DIP794W56P254L2286H533Q18N">
    <comppin designator="1" sympin="1" pinswap="0" gateswap="0" gate="1" group="1" side="" type="Any" name="RA2/AN2" />
    <comppin designator="2" sympin="2" pinswap="0" gateswap="0" gate="1" group="1" side="" type="Any" name="RA3/AN3/VREF" />
    <comppin designator="3" sympin="3" pinswap="0" gateswap="0" gate="1" group="1" side="" type="Any" name="RA4/T0CKI" />
    <comppin designator="4" sympin="4" pinswap="0" gateswap="0" gate="1" group="1" side="" type="Any" name="|MCLR|/VPP" />
    <comppin designator="5" sympin="5" pinswap="0" gateswap="0" gate="1" group="1" side="" type="Any" name="VSS" />
    <comppin designator="6" sympin="6" pinswap="0" gateswap="0" gate="1" group="1" side="" type="Any" name="RB0/INT/|ECCPAS2" />
    <comppin designator="7" sympin="7" pinswap="0" gateswap="0" gate="1" group="1" side="" type="Any" name="RB1/T1OSO/T1CKI" />
    <comppin designator="8" sympin="8" pinswap="0" gateswap="0" gate="1" group="1" side="" type="Any" name="RB2/T1OSI" />
    <comppin designator="9" sympin="9" pinswap="0" gateswap="0" gate="1" group="1" side="" type="Any" name="RB3/CCP1/P1A" />
    <comppin designator="10" sympin="10" pinswap="0" gateswap="0" gate="1" group="1" side="" type="Any" name="RB4/|ECCPAS0" />
    <comppin designator="11" sympin="11" pinswap="0" gateswap="0" gate="1" group="1" side="" type="Any" name="RB5/P1B" />
    <comppin designator="12" sympin="12" pinswap="0" gateswap="0" gate="1" group="1" side="" type="Any" name="RB6/P1C" />
    <comppin designator="13" sympin="13" pinswap="0" gateswap="0" gate="1" group="1" side="" type="Any" name="RB7/P1D" />
    <comppin designator="14" sympin="14" pinswap="0" gateswap="0" gate="1" group="1" side="" type="Any" name="VDD" />
    <comppin designator="15" sympin="15" pinswap="0" gateswap="0" gate="1" group="1" side="" type="Any" name="OSC2/CLKOUT" />
    <comppin designator="16" sympin="16" pinswap="0" gateswap="0" gate="1" group="1" side="" type="Any" name="OSC1/CLKIN" />
    <comppin designator="17" sympin="17" pinswap="0" gateswap="0" gate="1" group="1" side="" type="Any" name="RA0/AN0" />
    <comppin designator="18" sympin="18" pinswap="0" gateswap="0" gate="1" group="1" side="" type="Any" name="RA1/AN1" />
    <attached_symbol gate="1" name="PIC16F716-E_P" />
    <pinmap designator="1" footprintpin="1" />
    <pinmap designator="2" footprintpin="2" />
    <pinmap designator="3" footprintpin="3" />
    <pinmap designator="4" footprintpin="4" />
    <pinmap designator="5" footprintpin="5" />
    <pinmap designator="6" footprintpin="6" />
    <pinmap designator="7" footprintpin="7" />
    <pinmap designator="8" footprintpin="8" />
    <pinmap designator="9" footprintpin="9" />
    <pinmap designator="10" footprintpin="10" />
    <pinmap designator="11" footprintpin="11" />
    <pinmap designator="12" footprintpin="12" />
    <pinmap designator="13" footprintpin="13" />
    <pinmap designator="14" footprintpin="14" />
    <pinmap designator="15" footprintpin="15" />
    <pinmap designator="16" footprintpin="16" />
    <pinmap designator="17" footprintpin="17" />
    <pinmap designator="18" footprintpin="18" />
    <text name="Datasheet" originx="0" originy="0" style="Default" rotation="0" justify="" flipped="False" hidden="True" data="https://ww1.microchip.com/downloads/en/DeviceDoc/41206B.pdf" />
    <text name="Description" originx="0" originy="0" style="Default" rotation="0" justify="" flipped="False" hidden="True" data="8-bit Flash-based Microcontroller" />
    <text name="Mouser Part Number" originx="0" originy="0" style="Default" rotation="0" justify="" flipped="False" hidden="True" data="579-PIC16F716-E/P" />
    <text name="Mouser Price/Stock" originx="0" originy="0" style="Default" rotation="0" justify="" flipped="False" hidden="True" data="https://www.mouser.co.uk/ProductDetail/Microchip-Technology-Atmel/PIC16F716-E-P?qs=JmwSjbzn2OJrC1fbWCIrog%3D%3D" />
    <text name="Manufacturer_Name" originx="0" originy="0" style="Default" rotation="0" justify="" flipped="False" hidden="True" data="Microchip" />
    <text name="Manufacturer_Part_Number" originx="1950" originy="200" style="Default" rotation="0" justify="left" flipped="False" hidden="False" data="PIC16F716-E/P" />
  </component>
</quadcept_library>
