<?xml version="1.0" encoding="utf-8"?>
<!--/289548/1207749/2.50/44/3/Integrated Circuit/-->
<quadcept_library>
  <setting unit="mil" />
  <textstyle name="Default" height="47.244094488189" strokewidth="7.8740157480315" charwidth="47.244094488189" />
  <textstyle name="Dimension" height="19.6850393700787" strokewidth="0" charwidth="19.6850393700787" />
  <textstyle name="H127W0635TH00762" height="50" strokewidth="3" charwidth="25" />
  <textstyle name="H15W15TH02" height="59.0551181102362" strokewidth="7.8740157480315" charwidth="59.0551181102362" />
  <padstyle name="r150_60" surface="True" plated="False" isvia="False" nopaste="False" nomask="True" complex="False" holesize="0">
    <padshape layer="TOP" shape="rectangle" width="23.622047244094" height="59.055118110235" />
    <padshape layer="TOP_SOLDER_MASK" shape="rectangle" width="31.496062992126" height="66.929133858267" />
    <padshape layer="TOP_SOLDER_PASTE" shape="rectangle" width="23.622047244094" height="59.055118110235" />
  </padstyle>
  <footprint name="QFP80P1200X1200X120-44N" originx="0" originy="0" pickpointx="0" pickpointy="0">
    <pcbpin number="1" name="1" style="r150_60" originx="-226.3779527559" originy="157.48031496063" rotation="90" />
    <pcbpin number="2" name="2" style="r150_60" originx="-226.3779527559" originy="125.9842519685" rotation="90" />
    <pcbpin number="3" name="3" style="r150_60" originx="-226.3779527559" originy="94.488188976377" rotation="90" />
    <pcbpin number="4" name="4" style="r150_60" originx="-226.3779527559" originy="62.992125984251" rotation="90" />
    <pcbpin number="5" name="5" style="r150_60" originx="-226.3779527559" originy="31.496062992126" rotation="90" />
    <pcbpin number="6" name="6" style="r150_60" originx="-226.3779527559" originy="0" rotation="90" />
    <pcbpin number="7" name="7" style="r150_60" originx="-226.3779527559" originy="-31.496062992126" rotation="90" />
    <pcbpin number="8" name="8" style="r150_60" originx="-226.3779527559" originy="-62.992125984251" rotation="90" />
    <pcbpin number="9" name="9" style="r150_60" originx="-226.3779527559" originy="-94.488188976377" rotation="90" />
    <pcbpin number="10" name="10" style="r150_60" originx="-226.3779527559" originy="-125.9842519685" rotation="90" />
    <pcbpin number="11" name="11" style="r150_60" originx="-226.3779527559" originy="-157.48031496063" rotation="90" />
    <pcbpin number="12" name="12" style="r150_60" originx="-157.48031496063" originy="-226.3779527559" rotation="0" />
    <pcbpin number="13" name="13" style="r150_60" originx="-125.9842519685" originy="-226.3779527559" rotation="0" />
    <pcbpin number="14" name="14" style="r150_60" originx="-94.488188976377" originy="-226.3779527559" rotation="0" />
    <pcbpin number="15" name="15" style="r150_60" originx="-62.992125984251" originy="-226.3779527559" rotation="0" />
    <pcbpin number="16" name="16" style="r150_60" originx="-31.496062992126" originy="-226.3779527559" rotation="0" />
    <pcbpin number="17" name="17" style="r150_60" originx="0" originy="-226.3779527559" rotation="0" />
    <pcbpin number="18" name="18" style="r150_60" originx="31.496062992126" originy="-226.3779527559" rotation="0" />
    <pcbpin number="19" name="19" style="r150_60" originx="62.992125984251" originy="-226.3779527559" rotation="0" />
    <pcbpin number="20" name="20" style="r150_60" originx="94.488188976377" originy="-226.3779527559" rotation="0" />
    <pcbpin number="21" name="21" style="r150_60" originx="125.9842519685" originy="-226.3779527559" rotation="0" />
    <pcbpin number="22" name="22" style="r150_60" originx="157.48031496063" originy="-226.3779527559" rotation="0" />
    <pcbpin number="23" name="23" style="r150_60" originx="226.3779527559" originy="-157.48031496063" rotation="90" />
    <pcbpin number="24" name="24" style="r150_60" originx="226.3779527559" originy="-125.9842519685" rotation="90" />
    <pcbpin number="25" name="25" style="r150_60" originx="226.3779527559" originy="-94.488188976377" rotation="90" />
    <pcbpin number="26" name="26" style="r150_60" originx="226.3779527559" originy="-62.992125984251" rotation="90" />
    <pcbpin number="27" name="27" style="r150_60" originx="226.3779527559" originy="-31.496062992126" rotation="90" />
    <pcbpin number="28" name="28" style="r150_60" originx="226.3779527559" originy="0" rotation="90" />
    <pcbpin number="29" name="29" style="r150_60" originx="226.3779527559" originy="31.496062992126" rotation="90" />
    <pcbpin number="30" name="30" style="r150_60" originx="226.3779527559" originy="62.992125984251" rotation="90" />
    <pcbpin number="31" name="31" style="r150_60" originx="226.3779527559" originy="94.488188976377" rotation="90" />
    <pcbpin number="32" name="32" style="r150_60" originx="226.3779527559" originy="125.9842519685" rotation="90" />
    <pcbpin number="33" name="33" style="r150_60" originx="226.3779527559" originy="157.48031496063" rotation="90" />
    <pcbpin number="34" name="34" style="r150_60" originx="157.48031496063" originy="226.3779527559" rotation="0" />
    <pcbpin number="35" name="35" style="r150_60" originx="125.9842519685" originy="226.3779527559" rotation="0" />
    <pcbpin number="36" name="36" style="r150_60" originx="94.488188976377" originy="226.3779527559" rotation="0" />
    <pcbpin number="37" name="37" style="r150_60" originx="62.992125984251" originy="226.3779527559" rotation="0" />
    <pcbpin number="38" name="38" style="r150_60" originx="31.496062992126" originy="226.3779527559" rotation="0" />
    <pcbpin number="39" name="39" style="r150_60" originx="0" originy="226.3779527559" rotation="0" />
    <pcbpin number="40" name="40" style="r150_60" originx="-31.496062992126" originy="226.3779527559" rotation="0" />
    <pcbpin number="41" name="41" style="r150_60" originx="-62.992125984251" originy="226.3779527559" rotation="0" />
    <pcbpin number="42" name="42" style="r150_60" originx="-94.488188976377" originy="226.3779527559" rotation="0" />
    <pcbpin number="43" name="43" style="r150_60" originx="-125.9842519685" originy="226.3779527559" rotation="0" />
    <pcbpin number="44" name="44" style="r150_60" originx="-157.48031496063" originy="226.3779527559" rotation="0" />
    <line layer="TOP_PLACE_BOUND" originx="-265.74803149606" originy="265.74803149606" endx="265.74803149606" endy="265.74803149606" width="1.9685039370079" />
    <line layer="TOP_PLACE_BOUND" originx="265.74803149606" originy="265.74803149606" endx="265.74803149606" endy="-265.74803149606" width="1.9685039370079" />
    <line layer="TOP_PLACE_BOUND" originx="265.74803149606" originy="-265.74803149606" endx="-265.74803149606" endy="-265.74803149606" width="1.9685039370079" />
    <line layer="TOP_PLACE_BOUND" originx="-265.74803149606" originy="-265.74803149606" endx="-265.74803149606" endy="265.74803149606" width="1.9685039370079" />
    <line layer="TOP_ASSEMBLY" originx="-196.85039370078" originy="196.85039370078" endx="196.85039370078" endy="196.85039370078" width="3.9370078740157" />
    <line layer="TOP_ASSEMBLY" originx="196.85039370078" originy="196.85039370078" endx="196.85039370078" endy="-196.85039370078" width="3.9370078740157" />
    <line layer="TOP_ASSEMBLY" originx="196.85039370078" originy="-196.85039370078" endx="-196.85039370078" endy="-196.85039370078" width="3.9370078740157" />
    <line layer="TOP_ASSEMBLY" originx="-196.85039370078" originy="-196.85039370078" endx="-196.85039370078" endy="196.85039370078" width="3.9370078740157" />
    <line layer="TOP_ASSEMBLY" originx="-196.85039370078" originy="165.35433070866" endx="-165.35433070866" endy="196.85039370078" width="3.9370078740157" />
    <line layer="TOP_SILKSCREEN" originx="-183.07086614173" originy="183.07086614173" endx="183.07086614173" endy="183.07086614173" width="7.8740157480314" />
    <line layer="TOP_SILKSCREEN" originx="183.07086614173" originy="183.07086614173" endx="183.07086614173" endy="-183.07086614173" width="7.8740157480314" />
    <line layer="TOP_SILKSCREEN" originx="183.07086614173" originy="-183.07086614173" endx="-183.07086614173" endy="-183.07086614173" width="7.8740157480314" />
    <line layer="TOP_SILKSCREEN" originx="-183.07086614173" originy="-183.07086614173" endx="-183.07086614173" endy="183.07086614173" width="7.8740157480314" />
    <arc layer="TOP_SILKSCREEN" originx="-240.15748031496" originy="204.72440944882" startangle="180" sweepangle="180" radius="7.8740157480314" width="15.748031496063" />
    <arc layer="TOP_SILKSCREEN" originx="-240.15748031496" originy="204.72440944882" startangle="180" sweepangle="-180" radius="7.8740157480314" width="15.748031496063" />
  </footprint>
  <symbol name="PIC16F877A-E_PT" originx="0" originy="0">
    <line originx="200" originy="900" endx="1800" endy="900" width="0" />
    <line originx="1800" originy="-2200" endx="1800" endy="900" width="0" />
    <line originx="1800" originy="-2200" endx="200" endy="-2200" width="0" />
    <line originx="200" originy="900" endx="200" endy="-2200" width="0" />
    <sympin number="1" originx="200" originy="0" rotation="180" length="100" width="7.8740157480315" flipped="False">
      <text name="pinname" originx="230" originy="0" style="Default" rotation="0" justify="left" flipped="False" hidden="False" data="RC7/RX/DT" />
      <text name="pindes" originx="140" originy="20" style="Default" rotation="0" justify="lowerright" flipped="False" hidden="False" data="1" />
    </sympin>
    <sympin number="2" originx="200" originy="-100" rotation="180" length="100" width="7.8740157480315" flipped="False">
      <text name="pinname" originx="230" originy="-100" style="Default" rotation="0" justify="left" flipped="False" hidden="False" data="RD4/PSP4" />
      <text name="pindes" originx="140" originy="-80" style="Default" rotation="0" justify="lowerright" flipped="False" hidden="False" data="2" />
    </sympin>
    <sympin number="3" originx="200" originy="-200" rotation="180" length="100" width="7.8740157480315" flipped="False">
      <text name="pinname" originx="230" originy="-200" style="Default" rotation="0" justify="left" flipped="False" hidden="False" data="RD5/PSP5" />
      <text name="pindes" originx="140" originy="-180" style="Default" rotation="0" justify="lowerright" flipped="False" hidden="False" data="3" />
    </sympin>
    <sympin number="4" originx="200" originy="-300" rotation="180" length="100" width="7.8740157480315" flipped="False">
      <text name="pinname" originx="230" originy="-300" style="Default" rotation="0" justify="left" flipped="False" hidden="False" data="RD6/PSP6" />
      <text name="pindes" originx="140" originy="-280" style="Default" rotation="0" justify="lowerright" flipped="False" hidden="False" data="4" />
    </sympin>
    <sympin number="5" originx="200" originy="-400" rotation="180" length="100" width="7.8740157480315" flipped="False">
      <text name="pinname" originx="230" originy="-400" style="Default" rotation="0" justify="left" flipped="False" hidden="False" data="RD7/PSP7" />
      <text name="pindes" originx="140" originy="-380" style="Default" rotation="0" justify="lowerright" flipped="False" hidden="False" data="5" />
    </sympin>
    <sympin number="6" originx="200" originy="-500" rotation="180" length="100" width="7.8740157480315" flipped="False">
      <text name="pinname" originx="230" originy="-500" style="Default" rotation="0" justify="left" flipped="False" hidden="False" data="VSS_1" />
      <text name="pindes" originx="140" originy="-480" style="Default" rotation="0" justify="lowerright" flipped="False" hidden="False" data="6" />
    </sympin>
    <sympin number="7" originx="200" originy="-600" rotation="180" length="100" width="7.8740157480315" flipped="False">
      <text name="pinname" originx="230" originy="-600" style="Default" rotation="0" justify="left" flipped="False" hidden="False" data="VDD_1" />
      <text name="pindes" originx="140" originy="-580" style="Default" rotation="0" justify="lowerright" flipped="False" hidden="False" data="7" />
    </sympin>
    <sympin number="8" originx="200" originy="-700" rotation="180" length="100" width="7.8740157480315" flipped="False">
      <text name="pinname" originx="230" originy="-700" style="Default" rotation="0" justify="left" flipped="False" hidden="False" data="RB0/INT" />
      <text name="pindes" originx="140" originy="-680" style="Default" rotation="0" justify="lowerright" flipped="False" hidden="False" data="8" />
    </sympin>
    <sympin number="9" originx="200" originy="-800" rotation="180" length="100" width="7.8740157480315" flipped="False">
      <text name="pinname" originx="230" originy="-800" style="Default" rotation="0" justify="left" flipped="False" hidden="False" data="RB1" />
      <text name="pindes" originx="140" originy="-780" style="Default" rotation="0" justify="lowerright" flipped="False" hidden="False" data="9" />
    </sympin>
    <sympin number="10" originx="200" originy="-900" rotation="180" length="100" width="7.8740157480315" flipped="False">
      <text name="pinname" originx="230" originy="-900" style="Default" rotation="0" justify="left" flipped="False" hidden="False" data="RB2" />
      <text name="pindes" originx="140" originy="-880" style="Default" rotation="0" justify="lowerright" flipped="False" hidden="False" data="10" />
    </sympin>
    <sympin number="11" originx="200" originy="-1000" rotation="180" length="100" width="7.8740157480315" flipped="False">
      <text name="pinname" originx="230" originy="-1000" style="Default" rotation="0" justify="left" flipped="False" hidden="False" data="RB3/PGM" />
      <text name="pindes" originx="140" originy="-980" style="Default" rotation="0" justify="lowerright" flipped="False" hidden="False" data="11" />
    </sympin>
    <sympin number="12" originx="500" originy="-2200" rotation="270" length="100" width="7.8740157480315" flipped="False">
      <text name="pinname" originx="500" originy="-2170" style="Default" rotation="0" justify="left" flipped="False" hidden="False" data="NC_1" />
      <text name="pindes" originx="480" originy="-2260" style="Default" rotation="0" justify="lowerright" flipped="False" hidden="False" data="12" />
    </sympin>
    <sympin number="13" originx="600" originy="-2200" rotation="270" length="100" width="7.8740157480315" flipped="False">
      <text name="pinname" originx="600" originy="-2170" style="Default" rotation="0" justify="left" flipped="False" hidden="False" data="NC_2" />
      <text name="pindes" originx="580" originy="-2260" style="Default" rotation="0" justify="lowerright" flipped="False" hidden="False" data="13" />
    </sympin>
    <sympin number="14" originx="700" originy="-2200" rotation="270" length="100" width="7.8740157480315" flipped="False">
      <text name="pinname" originx="700" originy="-2170" style="Default" rotation="0" justify="left" flipped="False" hidden="False" data="RB4" />
      <text name="pindes" originx="680" originy="-2260" style="Default" rotation="0" justify="lowerright" flipped="False" hidden="False" data="14" />
    </sympin>
    <sympin number="15" originx="800" originy="-2200" rotation="270" length="100" width="7.8740157480315" flipped="False">
      <text name="pinname" originx="800" originy="-2170" style="Default" rotation="0" justify="left" flipped="False" hidden="False" data="RB5" />
      <text name="pindes" originx="780" originy="-2260" style="Default" rotation="0" justify="lowerright" flipped="False" hidden="False" data="15" />
    </sympin>
    <sympin number="16" originx="900" originy="-2200" rotation="270" length="100" width="7.8740157480315" flipped="False">
      <text name="pinname" originx="900" originy="-2170" style="Default" rotation="0" justify="left" flipped="False" hidden="False" data="RB6/PGC" />
      <text name="pindes" originx="880" originy="-2260" style="Default" rotation="0" justify="lowerright" flipped="False" hidden="False" data="16" />
    </sympin>
    <sympin number="17" originx="1000" originy="-2200" rotation="270" length="100" width="7.8740157480315" flipped="False">
      <text name="pinname" originx="1000" originy="-2170" style="Default" rotation="0" justify="left" flipped="False" hidden="False" data="RB7/PGD" />
      <text name="pindes" originx="980" originy="-2260" style="Default" rotation="0" justify="lowerright" flipped="False" hidden="False" data="17" />
    </sympin>
    <sympin number="18" originx="1100" originy="-2200" rotation="270" length="100" width="7.8740157480315" flipped="False">
      <text name="pinname" originx="1100" originy="-2170" style="Default" rotation="0" justify="left" flipped="False" hidden="False" data="\MCLR\/VPP" />
      <text name="pindes" originx="1080" originy="-2260" style="Default" rotation="0" justify="lowerright" flipped="False" hidden="False" data="18" />
    </sympin>
    <sympin number="19" originx="1200" originy="-2200" rotation="270" length="100" width="7.8740157480315" flipped="False">
      <text name="pinname" originx="1200" originy="-2170" style="Default" rotation="0" justify="left" flipped="False" hidden="False" data="RA0/AN0" />
      <text name="pindes" originx="1180" originy="-2260" style="Default" rotation="0" justify="lowerright" flipped="False" hidden="False" data="19" />
    </sympin>
    <sympin number="20" originx="1300" originy="-2200" rotation="270" length="100" width="7.8740157480315" flipped="False">
      <text name="pinname" originx="1300" originy="-2170" style="Default" rotation="0" justify="left" flipped="False" hidden="False" data="RA1/AN1" />
      <text name="pindes" originx="1280" originy="-2260" style="Default" rotation="0" justify="lowerright" flipped="False" hidden="False" data="20" />
    </sympin>
    <sympin number="21" originx="1400" originy="-2200" rotation="270" length="100" width="7.8740157480315" flipped="False">
      <text name="pinname" originx="1400" originy="-2170" style="Default" rotation="0" justify="left" flipped="False" hidden="False" data="RA2/AN2/VREF-/CVREF" />
      <text name="pindes" originx="1380" originy="-2260" style="Default" rotation="0" justify="lowerright" flipped="False" hidden="False" data="21" />
    </sympin>
    <sympin number="22" originx="1500" originy="-2200" rotation="270" length="100" width="7.8740157480315" flipped="False">
      <text name="pinname" originx="1500" originy="-2170" style="Default" rotation="0" justify="left" flipped="False" hidden="False" data="RA3/AN3/VREF+" />
      <text name="pindes" originx="1480" originy="-2260" style="Default" rotation="0" justify="lowerright" flipped="False" hidden="False" data="22" />
    </sympin>
    <sympin number="33" originx="1800" originy="0" rotation="0" length="100" width="7.8740157480315" flipped="False">
      <text name="pinname" originx="1770" originy="0" style="Default" rotation="0" justify="right" flipped="False" hidden="False" data="NC_3" />
      <text name="pindes" originx="1860" originy="20" style="Default" rotation="0" justify="lowerleft" flipped="False" hidden="False" data="33" />
    </sympin>
    <sympin number="32" originx="1800" originy="-100" rotation="0" length="100" width="7.8740157480315" flipped="False">
      <text name="pinname" originx="1770" originy="-100" style="Default" rotation="0" justify="right" flipped="False" hidden="False" data="RC0/T1OSO/T1CKI" />
      <text name="pindes" originx="1860" originy="-80" style="Default" rotation="0" justify="lowerleft" flipped="False" hidden="False" data="32" />
    </sympin>
    <sympin number="31" originx="1800" originy="-200" rotation="0" length="100" width="7.8740157480315" flipped="False">
      <text name="pinname" originx="1770" originy="-200" style="Default" rotation="0" justify="right" flipped="False" hidden="False" data="OSC2/CLKO" />
      <text name="pindes" originx="1860" originy="-180" style="Default" rotation="0" justify="lowerleft" flipped="False" hidden="False" data="31" />
    </sympin>
    <sympin number="30" originx="1800" originy="-300" rotation="0" length="100" width="7.8740157480315" flipped="False">
      <text name="pinname" originx="1770" originy="-300" style="Default" rotation="0" justify="right" flipped="False" hidden="False" data="OSC1/CLKI" />
      <text name="pindes" originx="1860" originy="-280" style="Default" rotation="0" justify="lowerleft" flipped="False" hidden="False" data="30" />
    </sympin>
    <sympin number="29" originx="1800" originy="-400" rotation="0" length="100" width="7.8740157480315" flipped="False">
      <text name="pinname" originx="1770" originy="-400" style="Default" rotation="0" justify="right" flipped="False" hidden="False" data="VSS_2" />
      <text name="pindes" originx="1860" originy="-380" style="Default" rotation="0" justify="lowerleft" flipped="False" hidden="False" data="29" />
    </sympin>
    <sympin number="28" originx="1800" originy="-500" rotation="0" length="100" width="7.8740157480315" flipped="False">
      <text name="pinname" originx="1770" originy="-500" style="Default" rotation="0" justify="right" flipped="False" hidden="False" data="VDD_2" />
      <text name="pindes" originx="1860" originy="-480" style="Default" rotation="0" justify="lowerleft" flipped="False" hidden="False" data="28" />
    </sympin>
    <sympin number="27" originx="1800" originy="-600" rotation="0" length="100" width="7.8740157480315" flipped="False">
      <text name="pinname" originx="1770" originy="-600" style="Default" rotation="0" justify="right" flipped="False" hidden="False" data="RE2/\CS\/AN7" />
      <text name="pindes" originx="1860" originy="-580" style="Default" rotation="0" justify="lowerleft" flipped="False" hidden="False" data="27" />
    </sympin>
    <sympin number="26" originx="1800" originy="-700" rotation="0" length="100" width="7.8740157480315" flipped="False">
      <text name="pinname" originx="1770" originy="-700" style="Default" rotation="0" justify="right" flipped="False" hidden="False" data="RE1/\WR\/AN6" />
      <text name="pindes" originx="1860" originy="-680" style="Default" rotation="0" justify="lowerleft" flipped="False" hidden="False" data="26" />
    </sympin>
    <sympin number="25" originx="1800" originy="-800" rotation="0" length="100" width="7.8740157480315" flipped="False">
      <text name="pinname" originx="1770" originy="-800" style="Default" rotation="0" justify="right" flipped="False" hidden="False" data="RE0/\RD\/AN5" />
      <text name="pindes" originx="1860" originy="-780" style="Default" rotation="0" justify="lowerleft" flipped="False" hidden="False" data="25" />
    </sympin>
    <sympin number="24" originx="1800" originy="-900" rotation="0" length="100" width="7.8740157480315" flipped="False">
      <text name="pinname" originx="1770" originy="-900" style="Default" rotation="0" justify="right" flipped="False" hidden="False" data="RA5/AN4/\SS\/C2OUT" />
      <text name="pindes" originx="1860" originy="-880" style="Default" rotation="0" justify="lowerleft" flipped="False" hidden="False" data="24" />
    </sympin>
    <sympin number="23" originx="1800" originy="-1000" rotation="0" length="100" width="7.8740157480315" flipped="False">
      <text name="pinname" originx="1770" originy="-1000" style="Default" rotation="0" justify="right" flipped="False" hidden="False" data="RA4/T0CKI/C1OUT" />
      <text name="pindes" originx="1860" originy="-980" style="Default" rotation="0" justify="lowerleft" flipped="False" hidden="False" data="23" />
    </sympin>
    <sympin number="44" originx="500" originy="900" rotation="90" length="100" width="7.8740157480315" flipped="False">
      <text name="pinname" originx="500" originy="870" style="Default" rotation="0" justify="right" flipped="False" hidden="False" data="RC6/TX/CK" />
      <text name="pindes" originx="480" originy="960" style="Default" rotation="0" justify="lowerleft" flipped="False" hidden="False" data="44" />
    </sympin>
    <sympin number="43" originx="600" originy="900" rotation="90" length="100" width="7.8740157480315" flipped="False">
      <text name="pinname" originx="600" originy="870" style="Default" rotation="0" justify="right" flipped="False" hidden="False" data="RC5/SDO" />
      <text name="pindes" originx="580" originy="960" style="Default" rotation="0" justify="lowerleft" flipped="False" hidden="False" data="43" />
    </sympin>
    <sympin number="42" originx="700" originy="900" rotation="90" length="100" width="7.8740157480315" flipped="False">
      <text name="pinname" originx="700" originy="870" style="Default" rotation="0" justify="right" flipped="False" hidden="False" data="RC4/SDI/SDA" />
      <text name="pindes" originx="680" originy="960" style="Default" rotation="0" justify="lowerleft" flipped="False" hidden="False" data="42" />
    </sympin>
    <sympin number="41" originx="800" originy="900" rotation="90" length="100" width="7.8740157480315" flipped="False">
      <text name="pinname" originx="800" originy="870" style="Default" rotation="0" justify="right" flipped="False" hidden="False" data="RD3/PSP3" />
      <text name="pindes" originx="780" originy="960" style="Default" rotation="0" justify="lowerleft" flipped="False" hidden="False" data="41" />
    </sympin>
    <sympin number="40" originx="900" originy="900" rotation="90" length="100" width="7.8740157480315" flipped="False">
      <text name="pinname" originx="900" originy="870" style="Default" rotation="0" justify="right" flipped="False" hidden="False" data="RD2/PSP2" />
      <text name="pindes" originx="880" originy="960" style="Default" rotation="0" justify="lowerleft" flipped="False" hidden="False" data="40" />
    </sympin>
    <sympin number="39" originx="1000" originy="900" rotation="90" length="100" width="7.8740157480315" flipped="False">
      <text name="pinname" originx="1000" originy="870" style="Default" rotation="0" justify="right" flipped="False" hidden="False" data="RD1/PSP1" />
      <text name="pindes" originx="980" originy="960" style="Default" rotation="0" justify="lowerleft" flipped="False" hidden="False" data="39" />
    </sympin>
    <sympin number="38" originx="1100" originy="900" rotation="90" length="100" width="7.8740157480315" flipped="False">
      <text name="pinname" originx="1100" originy="870" style="Default" rotation="0" justify="right" flipped="False" hidden="False" data="RD0/PSP0" />
      <text name="pindes" originx="1080" originy="960" style="Default" rotation="0" justify="lowerleft" flipped="False" hidden="False" data="38" />
    </sympin>
    <sympin number="37" originx="1200" originy="900" rotation="90" length="100" width="7.8740157480315" flipped="False">
      <text name="pinname" originx="1200" originy="870" style="Default" rotation="0" justify="right" flipped="False" hidden="False" data="RC3/SCK/SCL" />
      <text name="pindes" originx="1180" originy="960" style="Default" rotation="0" justify="lowerleft" flipped="False" hidden="False" data="37" />
    </sympin>
    <sympin number="36" originx="1300" originy="900" rotation="90" length="100" width="7.8740157480315" flipped="False">
      <text name="pinname" originx="1300" originy="870" style="Default" rotation="0" justify="right" flipped="False" hidden="False" data="RC2/CCP1" />
      <text name="pindes" originx="1280" originy="960" style="Default" rotation="0" justify="lowerleft" flipped="False" hidden="False" data="36" />
    </sympin>
    <sympin number="35" originx="1400" originy="900" rotation="90" length="100" width="7.8740157480315" flipped="False">
      <text name="pinname" originx="1400" originy="870" style="Default" rotation="0" justify="right" flipped="False" hidden="False" data="RC1/T1OSI/CCP2" />
      <text name="pindes" originx="1380" originy="960" style="Default" rotation="0" justify="lowerleft" flipped="False" hidden="False" data="35" />
    </sympin>
    <sympin number="34" originx="1500" originy="900" rotation="90" length="100" width="7.8740157480315" flipped="False">
      <text name="pinname" originx="1500" originy="870" style="Default" rotation="0" justify="right" flipped="False" hidden="False" data="NC_4" />
      <text name="pindes" originx="1480" originy="960" style="Default" rotation="0" justify="lowerleft" flipped="False" hidden="False" data="34" />
    </sympin>
  </symbol>
  <component name="PIC16F877A-E_PT" designatorprefix="IC" height="47.244094488188" footprint="QFP80P1200X1200X120-44N">
    <comppin designator="1" sympin="1" pinswap="0" gateswap="0" gate="1" group="1" side="" type="Any" name="RC7/RX/DT" />
    <comppin designator="2" sympin="2" pinswap="0" gateswap="0" gate="1" group="1" side="" type="Any" name="RD4/PSP4" />
    <comppin designator="3" sympin="3" pinswap="0" gateswap="0" gate="1" group="1" side="" type="Any" name="RD5/PSP5" />
    <comppin designator="4" sympin="4" pinswap="0" gateswap="0" gate="1" group="1" side="" type="Any" name="RD6/PSP6" />
    <comppin designator="5" sympin="5" pinswap="0" gateswap="0" gate="1" group="1" side="" type="Any" name="RD7/PSP7" />
    <comppin designator="6" sympin="6" pinswap="0" gateswap="0" gate="1" group="1" side="" type="Any" name="VSS_1" />
    <comppin designator="7" sympin="7" pinswap="0" gateswap="0" gate="1" group="1" side="" type="Any" name="VDD_1" />
    <comppin designator="8" sympin="8" pinswap="0" gateswap="0" gate="1" group="1" side="" type="Any" name="RB0/INT" />
    <comppin designator="9" sympin="9" pinswap="0" gateswap="0" gate="1" group="1" side="" type="Any" name="RB1" />
    <comppin designator="10" sympin="10" pinswap="0" gateswap="0" gate="1" group="1" side="" type="Any" name="RB2" />
    <comppin designator="11" sympin="11" pinswap="0" gateswap="0" gate="1" group="1" side="" type="Any" name="RB3/PGM" />
    <comppin designator="12" sympin="12" pinswap="0" gateswap="0" gate="1" group="1" side="" type="Any" name="NC_1" />
    <comppin designator="13" sympin="13" pinswap="0" gateswap="0" gate="1" group="1" side="" type="Any" name="NC_2" />
    <comppin designator="14" sympin="14" pinswap="0" gateswap="0" gate="1" group="1" side="" type="Any" name="RB4" />
    <comppin designator="15" sympin="15" pinswap="0" gateswap="0" gate="1" group="1" side="" type="Any" name="RB5" />
    <comppin designator="16" sympin="16" pinswap="0" gateswap="0" gate="1" group="1" side="" type="Any" name="RB6/PGC" />
    <comppin designator="17" sympin="17" pinswap="0" gateswap="0" gate="1" group="1" side="" type="Any" name="RB7/PGD" />
    <comppin designator="18" sympin="18" pinswap="0" gateswap="0" gate="1" group="1" side="" type="Any" name="|MCLR|/VPP" />
    <comppin designator="19" sympin="19" pinswap="0" gateswap="0" gate="1" group="1" side="" type="Any" name="RA0/AN0" />
    <comppin designator="20" sympin="20" pinswap="0" gateswap="0" gate="1" group="1" side="" type="Any" name="RA1/AN1" />
    <comppin designator="21" sympin="21" pinswap="0" gateswap="0" gate="1" group="1" side="" type="Any" name="RA2/AN2/VREF-/CVREF" />
    <comppin designator="22" sympin="22" pinswap="0" gateswap="0" gate="1" group="1" side="" type="Any" name="RA3/AN3/VREF+" />
    <comppin designator="23" sympin="23" pinswap="0" gateswap="0" gate="1" group="1" side="" type="Any" name="RA4/T0CKI/C1OUT" />
    <comppin designator="24" sympin="24" pinswap="0" gateswap="0" gate="1" group="1" side="" type="Any" name="RA5/AN4/|SS|/C2OUT" />
    <comppin designator="25" sympin="25" pinswap="0" gateswap="0" gate="1" group="1" side="" type="Any" name="RE0/|RD|/AN5" />
    <comppin designator="26" sympin="26" pinswap="0" gateswap="0" gate="1" group="1" side="" type="Any" name="RE1/|WR|/AN6" />
    <comppin designator="27" sympin="27" pinswap="0" gateswap="0" gate="1" group="1" side="" type="Any" name="RE2/|CS|/AN7" />
    <comppin designator="28" sympin="28" pinswap="0" gateswap="0" gate="1" group="1" side="" type="Any" name="VDD_2" />
    <comppin designator="29" sympin="29" pinswap="0" gateswap="0" gate="1" group="1" side="" type="Any" name="VSS_2" />
    <comppin designator="30" sympin="30" pinswap="0" gateswap="0" gate="1" group="1" side="" type="Any" name="OSC1/CLKI" />
    <comppin designator="31" sympin="31" pinswap="0" gateswap="0" gate="1" group="1" side="" type="Any" name="OSC2/CLKO" />
    <comppin designator="32" sympin="32" pinswap="0" gateswap="0" gate="1" group="1" side="" type="Any" name="RC0/T1OSO/T1CKI" />
    <comppin designator="33" sympin="33" pinswap="0" gateswap="0" gate="1" group="1" side="" type="Any" name="NC_3" />
    <comppin designator="34" sympin="34" pinswap="0" gateswap="0" gate="1" group="1" side="" type="Any" name="NC_4" />
    <comppin designator="35" sympin="35" pinswap="0" gateswap="0" gate="1" group="1" side="" type="Any" name="RC1/T1OSI/CCP2" />
    <comppin designator="36" sympin="36" pinswap="0" gateswap="0" gate="1" group="1" side="" type="Any" name="RC2/CCP1" />
    <comppin designator="37" sympin="37" pinswap="0" gateswap="0" gate="1" group="1" side="" type="Any" name="RC3/SCK/SCL" />
    <comppin designator="38" sympin="38" pinswap="0" gateswap="0" gate="1" group="1" side="" type="Any" name="RD0/PSP0" />
    <comppin designator="39" sympin="39" pinswap="0" gateswap="0" gate="1" group="1" side="" type="Any" name="RD1/PSP1" />
    <comppin designator="40" sympin="40" pinswap="0" gateswap="0" gate="1" group="1" side="" type="Any" name="RD2/PSP2" />
    <comppin designator="41" sympin="41" pinswap="0" gateswap="0" gate="1" group="1" side="" type="Any" name="RD3/PSP3" />
    <comppin designator="42" sympin="42" pinswap="0" gateswap="0" gate="1" group="1" side="" type="Any" name="RC4/SDI/SDA" />
    <comppin designator="43" sympin="43" pinswap="0" gateswap="0" gate="1" group="1" side="" type="Any" name="RC5/SDO" />
    <comppin designator="44" sympin="44" pinswap="0" gateswap="0" gate="1" group="1" side="" type="Any" name="RC6/TX/CK" />
    <attached_symbol gate="1" name="PIC16F877A-E_PT" />
    <pinmap designator="1" footprintpin="1" />
    <pinmap designator="2" footprintpin="2" />
    <pinmap designator="3" footprintpin="3" />
    <pinmap designator="4" footprintpin="4" />
    <pinmap designator="5" footprintpin="5" />
    <pinmap designator="6" footprintpin="6" />
    <pinmap designator="7" footprintpin="7" />
    <pinmap designator="8" footprintpin="8" />
    <pinmap designator="9" footprintpin="9" />
    <pinmap designator="10" footprintpin="10" />
    <pinmap designator="11" footprintpin="11" />
    <pinmap designator="12" footprintpin="12" />
    <pinmap designator="13" footprintpin="13" />
    <pinmap designator="14" footprintpin="14" />
    <pinmap designator="15" footprintpin="15" />
    <pinmap designator="16" footprintpin="16" />
    <pinmap designator="17" footprintpin="17" />
    <pinmap designator="18" footprintpin="18" />
    <pinmap designator="19" footprintpin="19" />
    <pinmap designator="20" footprintpin="20" />
    <pinmap designator="21" footprintpin="21" />
    <pinmap designator="22" footprintpin="22" />
    <pinmap designator="23" footprintpin="23" />
    <pinmap designator="24" footprintpin="24" />
    <pinmap designator="25" footprintpin="25" />
    <pinmap designator="26" footprintpin="26" />
    <pinmap designator="27" footprintpin="27" />
    <pinmap designator="28" footprintpin="28" />
    <pinmap designator="29" footprintpin="29" />
    <pinmap designator="30" footprintpin="30" />
    <pinmap designator="31" footprintpin="31" />
    <pinmap designator="32" footprintpin="32" />
    <pinmap designator="33" footprintpin="33" />
    <pinmap designator="34" footprintpin="34" />
    <pinmap designator="35" footprintpin="35" />
    <pinmap designator="36" footprintpin="36" />
    <pinmap designator="37" footprintpin="37" />
    <pinmap designator="38" footprintpin="38" />
    <pinmap designator="39" footprintpin="39" />
    <pinmap designator="40" footprintpin="40" />
    <pinmap designator="41" footprintpin="41" />
    <pinmap designator="42" footprintpin="42" />
    <pinmap designator="43" footprintpin="43" />
    <pinmap designator="44" footprintpin="44" />
    <text name="Datasheet" originx="0" originy="0" style="Default" rotation="0" justify="" flipped="False" hidden="True" data="https://ww1.microchip.com/downloads/en/DeviceDoc/39582C.pdf" />
    <text name="Description" originx="0" originy="0" style="Default" rotation="0" justify="" flipped="False" hidden="True" data="8-bit Microcontrollers - MCU 14KB 368 RAM 33 I/O" />
    <text name="Mouser Part Number" originx="0" originy="0" style="Default" rotation="0" justify="" flipped="False" hidden="True" data="579-PIC16F877A-E/PT" />
    <text name="Mouser Price/Stock" originx="0" originy="0" style="Default" rotation="0" justify="" flipped="False" hidden="True" data="https://www.mouser.co.uk/ProductDetail/Microchip-Technology/PIC16F877A-E-PT?qs=rh436G1KrYyphrErQ8h5Pw%3D%3D" />
    <text name="Manufacturer_Name" originx="0" originy="0" style="Default" rotation="0" justify="" flipped="False" hidden="True" data="Microchip" />
    <text name="Manufacturer_Part_Number" originx="1850" originy="1000" style="Default" rotation="0" justify="left" flipped="False" hidden="False" data="PIC16F877A-E/PT" />
  </component>
</quadcept_library>
