<?xml version="1.0" encoding="utf-8"?>
<!--/440643/1207749/2.50/2/4/Diode/-->
<quadcept_library>
  <setting unit="mil" />
  <textstyle name="Default" height="47.244094488189" strokewidth="7.8740157480315" charwidth="47.244094488189" />
  <textstyle name="Dimension" height="19.6850393700787" strokewidth="0" charwidth="19.6850393700787" />
  <textstyle name="H127W0635TH00762" height="50" strokewidth="3" charwidth="25" />
  <textstyle name="H15W15TH02" height="59.0551181102362" strokewidth="7.8740157480315" charwidth="59.0551181102362" />
  <padstyle name="r310_220" surface="True" plated="False" isvia="False" nopaste="False" nomask="True" complex="False" holesize="0">
    <padshape layer="TOP" shape="rectangle" width="86.614173228345" height="122.04724409449" />
    <padshape layer="TOP_SOLDER_MASK" shape="rectangle" width="94.488188976377" height="129.92125984252" />
    <padshape layer="TOP_SOLDER_PASTE" shape="rectangle" width="86.614173228345" height="122.04724409449" />
  </padstyle>
  <footprint name="DIOM7959X250N" originx="0" originy="0" pickpointx="0" pickpointy="0">
    <pcbpin number="1" name="1" style="r310_220" originx="-137.79527559055" originy="0" rotation="0" />
    <pcbpin number="2" name="2" style="r310_220" originx="137.79527559055" originy="0" rotation="0" />
    <line layer="TOP_PLACE_BOUND" originx="-190.94488188976" originy="132.28346456693" endx="190.94488188976" endy="132.28346456693" width="1.9685039370079" />
    <line layer="TOP_PLACE_BOUND" originx="190.94488188976" originy="132.28346456693" endx="190.94488188976" endy="-132.28346456693" width="1.9685039370079" />
    <line layer="TOP_PLACE_BOUND" originx="190.94488188976" originy="-132.28346456693" endx="-190.94488188976" endy="-132.28346456693" width="1.9685039370079" />
    <line layer="TOP_PLACE_BOUND" originx="-190.94488188976" originy="-132.28346456693" endx="-190.94488188976" endy="132.28346456693" width="1.9685039370079" />
    <line layer="TOP_ASSEMBLY" originx="-156.29921259842" originy="116.22047244094" endx="156.29921259842" endy="116.22047244094" width="3.9370078740157" />
    <line layer="TOP_ASSEMBLY" originx="156.29921259842" originy="116.22047244094" endx="156.29921259842" endy="-116.22047244094" width="3.9370078740157" />
    <line layer="TOP_ASSEMBLY" originx="156.29921259842" originy="-116.22047244094" endx="-156.29921259842" endy="-116.22047244094" width="3.9370078740157" />
    <line layer="TOP_ASSEMBLY" originx="-156.29921259842" originy="-116.22047244094" endx="-156.29921259842" endy="116.22047244094" width="3.9370078740157" />
    <line layer="TOP_ASSEMBLY" originx="-156.29921259842" originy="72.913385826771" endx="-112.99212598425" endy="116.22047244094" width="3.9370078740157" />
    <line layer="TOP_SILKSCREEN" originx="156.29921259842" originy="116.22047244094" endx="-181.10236220472" endy="116.22047244094" width="7.8740157480314" />
    <line layer="TOP_SILKSCREEN" originx="-156.29921259842" originy="-116.22047244094" endx="156.29921259842" endy="-116.22047244094" width="7.8740157480314" />
  </footprint>
  <symbol name="B540C-13-F" originx="0" originy="0">
    <line originx="200" originy="100" endx="200" endy="-100" width="0" />
    <line originx="100" originy="0" endx="200" endy="0" width="0" />
    <line originx="400" originy="0" endx="500" endy="0" width="0" />
    <sympin number="1" originx="100" originy="0" rotation="180" length="100" width="7.8740157480315" flipped="False">
      <text name="pinname" originx="140" originy="10" style="Default" rotation="0" justify="left" flipped="False" hidden="True" data="K" />
      <text name="pindes" originx="60" originy="10" style="Default" rotation="0" justify="lowerright" flipped="False" hidden="False" data="1" />
    </sympin>
    <sympin number="2" originx="500" originy="0" rotation="0" length="100" width="7.8740157480315" flipped="False">
      <text name="pinname" originx="460" originy="10" style="Default" rotation="0" justify="right" flipped="False" hidden="True" data="A" />
      <text name="pindes" originx="540" originy="10" style="Default" rotation="0" justify="lowerleft" flipped="False" hidden="False" data="2" />
    </sympin>
    <polygon type="polygon">
      <point x="200" y="0" />
      <point x="400" y="100" />
      <point x="400" y="-100" />
    </polygon>
  </symbol>
  <component name="B540C-13-F" designatorprefix="D" height="98.425196850392" footprint="DIOM7959X250N">
    <comppin designator="1" sympin="1" pinswap="0" gateswap="0" gate="1" group="1" side="" type="Any" name="K" />
    <comppin designator="2" sympin="2" pinswap="0" gateswap="0" gate="1" group="1" side="" type="Any" name="A" />
    <attached_symbol gate="1" name="B540C-13-F" />
    <pinmap designator="1" footprintpin="1" />
    <pinmap designator="2" footprintpin="2" />
    <text name="Datasheet" originx="0" originy="0" style="Default" rotation="0" justify="" flipped="False" hidden="True" data="https://componentsearchengine.com/Datasheets/2/B540C-13-F.pdf" />
    <text name="Description" originx="0" originy="0" style="Default" rotation="0" justify="" flipped="False" hidden="True" data="Diodes Inc B540C-13-F, SMT Schottky Diode, 40V 5A, 2-Pin DO-214AB" />
    <text name="Mouser Part Number" originx="0" originy="0" style="Default" rotation="0" justify="" flipped="False" hidden="True" data="621-B540C-F" />
    <text name="Mouser Price/Stock" originx="0" originy="0" style="Default" rotation="0" justify="" flipped="False" hidden="True" data="https://www.mouser.co.uk/ProductDetail/Diodes-Incorporated/B540C-13-F?qs=v2dnQLbuoRZXHN%2FK4ft5%252Bg%3D%3D" />
    <text name="Manufacturer_Name" originx="0" originy="0" style="Default" rotation="0" justify="" flipped="False" hidden="True" data="Diodes Inc." />
    <text name="Manufacturer_Part_Number" originx="450" originy="100" style="Default" rotation="0" justify="left" flipped="False" hidden="False" data="B540C-13-F" />
  </component>
</quadcept_library>
