<?xml version="1.0" encoding="UTF-8"?>
<project-private xmlns="http://www.netbeans.org/ns/project-private/1">
    <editor-bookmarks xmlns="http://www.netbeans.org/ns/editor-bookmarks/2" lastBookmarkId="0"/>
    <open-files xmlns="http://www.netbeans.org/ns/projectui-open-files/2">
        <group>
            <file>file:/F:/EXPERIENCE/MPLABX/DS1307Clock.X/M74HC595.c</file>
            <file>file:/F:/EXPERIENCE/MPLABX/DS1307Clock.X/DS1307.h</file>
            <file>file:/F:/EXPERIENCE/MPLABX/DS1307Clock.X/DS1307.c</file>
            <file>file:/F:/EXPERIENCE/MPLABX/DS1307Clock.X/Main.h</file>
            <file>file:/F:/EXPERIENCE/MPLABX/DS1307Clock.X/Display.c</file>
            <file>file:/F:/EXPERIENCE/MPLABX/DS1307Clock.X/Buttons.c</file>
            <file>file:/F:/EXPERIENCE/MPLABX/DS1307Clock.X/Display.h</file>
            <file>file:/F:/EXPERIENCE/MPLABX/DS1307Clock.X/Main.c</file>
            <file>file:/F:/EXPERIENCE/MPLABX/DS1307Clock.X/Interrupts.c</file>
            <file>file:/F:/EXPERIENCE/MPLABX/DS1307Clock.X/Counter.c</file>
            <file>file:/F:/EXPERIENCE/MPLABX/DS1307Clock.X/Buttons.h</file>
        </group>
    </open-files>
</project-private>
