<?xml version="1.0" encoding="utf-8"?>
<!--/972457/1207749/2.50/2/2/Schottky Diode/-->
<quadcept_library>
  <setting unit="mil" />
  <textstyle name="Default" height="47.244094488189" strokewidth="7.8740157480315" charwidth="47.244094488189" />
  <textstyle name="Dimension" height="19.6850393700787" strokewidth="0" charwidth="19.6850393700787" />
  <textstyle name="H127W0635TH00762" height="50" strokewidth="3" charwidth="25" />
  <textstyle name="H15W15TH02" height="59.0551181102362" strokewidth="7.8740157480315" charwidth="59.0551181102362" />
  <padstyle name="r235_155" surface="True" plated="False" isvia="False" nopaste="False" nomask="True" complex="False" holesize="0">
    <padshape layer="TOP" shape="rectangle" width="61.023622047243" height="92.519685039369" />
    <padshape layer="TOP_SOLDER_MASK" shape="rectangle" width="68.897637795275" height="100.3937007874" />
    <padshape layer="TOP_SOLDER_PASTE" shape="rectangle" width="61.023622047243" height="92.519685039369" />
  </padstyle>
  <footprint name="DIOM5227X270N" originx="0" originy="0" pickpointx="0" pickpointy="0">
    <pcbpin number="1" name="1" style="r235_155" originx="-84.645669291338" originy="0" rotation="90" />
    <pcbpin number="2" name="2" style="r235_155" originx="84.645669291338" originy="0" rotation="90" />
    <line layer="TOP_PLACE_BOUND" originx="-140.74803149606" originy="67.913385826771" endx="140.74803149606" endy="67.913385826771" width="1.9685039370079" />
    <line layer="TOP_PLACE_BOUND" originx="140.74803149606" originy="67.913385826771" endx="140.74803149606" endy="-67.913385826771" width="1.9685039370079" />
    <line layer="TOP_PLACE_BOUND" originx="140.74803149606" originy="-67.913385826771" endx="-140.74803149606" endy="-67.913385826771" width="1.9685039370079" />
    <line layer="TOP_PLACE_BOUND" originx="-140.74803149606" originy="-67.913385826771" endx="-140.74803149606" endy="67.913385826771" width="1.9685039370079" />
    <line layer="TOP_ASSEMBLY" originx="-102.36220472441" originy="53.622047244094" endx="102.36220472441" endy="53.622047244094" width="3.9370078740157" />
    <line layer="TOP_ASSEMBLY" originx="102.36220472441" originy="53.622047244094" endx="102.36220472441" endy="-53.622047244094" width="3.9370078740157" />
    <line layer="TOP_ASSEMBLY" originx="102.36220472441" originy="-53.622047244094" endx="-102.36220472441" endy="-53.622047244094" width="3.9370078740157" />
    <line layer="TOP_ASSEMBLY" originx="-102.36220472441" originy="-53.622047244094" endx="-102.36220472441" endy="53.622047244094" width="3.9370078740157" />
    <line layer="TOP_ASSEMBLY" originx="-102.36220472441" originy="23.149606299212" endx="-71.850393700787" endy="53.622047244094" width="3.9370078740157" />
    <line layer="TOP_SILKSCREEN" originx="102.36220472441" originy="53.622047244094" endx="-115.15748031496" endy="53.622047244094" width="7.8740157480314" />
    <line layer="TOP_SILKSCREEN" originx="-102.36220472441" originy="-53.622047244094" endx="102.36220472441" endy="-53.622047244094" width="7.8740157480314" />
  </footprint>
  <symbol name="SS14" originx="0" originy="0">
    <line originx="300" originy="100" endx="300" endy="-100" width="0" />
    <line originx="300" originy="100" endx="340" endy="100" width="0" />
    <line originx="340" originy="60" endx="340" endy="100" width="0" />
    <line originx="300" originy="-100" endx="260" endy="-100" width="0" />
    <line originx="260" originy="-60" endx="260" endy="-100" width="0" />
    <line originx="200" originy="0" endx="300" endy="0" width="0" />
    <line originx="500" originy="0" endx="600" endy="0" width="0" />
    <sympin number="1" originx="200" originy="0" rotation="180" length="100" width="7.8740157480315" flipped="False">
      <text name="pinname" originx="240" originy="10" style="Default" rotation="0" justify="left" flipped="False" hidden="True" data="K" />
      <text name="pindes" originx="160" originy="10" style="Default" rotation="0" justify="lowerright" flipped="False" hidden="False" data="1" />
    </sympin>
    <sympin number="2" originx="600" originy="0" rotation="0" length="100" width="7.8740157480315" flipped="False">
      <text name="pinname" originx="560" originy="10" style="Default" rotation="0" justify="right" flipped="False" hidden="True" data="A" />
      <text name="pindes" originx="640" originy="10" style="Default" rotation="0" justify="lowerleft" flipped="False" hidden="False" data="2" />
    </sympin>
    <polygon type="polygon">
      <point x="300" y="0" />
      <point x="500" y="100" />
      <point x="500" y="-100" />
    </polygon>
  </symbol>
  <component name="SS14" designatorprefix="D" height="106.29921259842" footprint="DIOM5227X270N">
    <comppin designator="1" sympin="1" pinswap="0" gateswap="0" gate="1" group="1" side="" type="Any" name="K" />
    <comppin designator="2" sympin="2" pinswap="0" gateswap="0" gate="1" group="1" side="" type="Any" name="A" />
    <attached_symbol gate="1" name="SS14" />
    <pinmap designator="1" footprintpin="1" />
    <pinmap designator="2" footprintpin="2" />
    <text name="Datasheet" originx="0" originy="0" style="Default" rotation="0" justify="" flipped="False" hidden="True" data="http://www.onsemi.com/pub/Collateral/SS19-D.pdf" />
    <text name="Description" originx="0" originy="0" style="Default" rotation="0" justify="" flipped="False" hidden="True" data="1.0 A Schottky Barrier Rectifiers" />
    <text name="Mouser Part Number" originx="0" originy="0" style="Default" rotation="0" justify="" flipped="False" hidden="True" data="512-SS14" />
    <text name="Mouser Price/Stock" originx="0" originy="0" style="Default" rotation="0" justify="" flipped="False" hidden="True" data="https://www.mouser.co.uk/ProductDetail/onsemi-Fairchild/SS14?qs=mVVXn4M53U%252BvrBaFv5vr4w%3D%3D" />
    <text name="Manufacturer_Name" originx="0" originy="0" style="Default" rotation="0" justify="" flipped="False" hidden="True" data="onsemi" />
    <text name="Manufacturer_Part_Number" originx="500" originy="250" style="Default" rotation="0" justify="left" flipped="False" hidden="False" data="SS14" />
  </component>
</quadcept_library>
