<?xml version="1.0" encoding="utf-8"?>
<!--/15765695/276515/2.50/10/4/Connector/-->
<quadcept_library>
  <setting unit="mil" />
  <textstyle name="Default" height="47.244094488189" strokewidth="7.8740157480315" charwidth="47.244094488189" />
  <textstyle name="Dimension" height="19.6850393700787" strokewidth="0" charwidth="19.6850393700787" />
  <textstyle name="H127W0635TH00762" height="50" strokewidth="3" charwidth="25" />
  <textstyle name="H15W15TH02" height="59.0551181102362" strokewidth="7.8740157480315" charwidth="59.0551181102362" />
  <padstyle name="r70_25" surface="True" plated="False" isvia="False" nopaste="False" nomask="True" complex="False" holesize="0">
    <padshape layer="TOP" shape="rectangle" width="9.8425196850392" height="27.55905511811" />
    <padshape layer="TOP_SOLDER_MASK" shape="rectangle" width="17.716535433071" height="35.433070866141" />
    <padshape layer="TOP_SOLDER_PASTE" shape="rectangle" width="9.8425196850392" height="27.55905511811" />
  </padstyle>
  <padstyle name="r65_40" surface="True" plated="False" isvia="False" nopaste="False" nomask="True" complex="False" holesize="0">
    <padshape layer="TOP" shape="rectangle" width="15.748031496063" height="25.590551181102" />
    <padshape layer="TOP_SOLDER_MASK" shape="rectangle" width="23.622047244094" height="33.464566929133" />
    <padshape layer="TOP_SOLDER_PASTE" shape="rectangle" width="15.748031496063" height="25.590551181102" />
  </padstyle>
  <padstyle name="r160_65" surface="True" plated="False" isvia="False" nopaste="False" nomask="True" complex="False" holesize="0">
    <padshape layer="TOP" shape="rectangle" width="25.590551181102" height="62.992125984251" />
    <padshape layer="TOP_SOLDER_MASK" shape="rectangle" width="33.464566929133" height="70.866141732283" />
    <padshape layer="TOP_SOLDER_PASTE" shape="rectangle" width="25.590551181102" height="62.992125984251" />
  </padstyle>
  <footprint name="F3081B7F121006E200" originx="0" originy="0" pickpointx="0" pickpointy="0">
    <pcbpin number="1" name="1" style="r70_25" originx="-49.212598425196" originy="-89.094488188975" rotation="0" />
    <pcbpin number="2" name="2" style="r70_25" originx="-29.527559055118" originy="-89.094488188975" rotation="0" />
    <pcbpin number="3" name="3" style="r70_25" originx="-9.8425196850392" originy="-89.094488188975" rotation="0" />
    <pcbpin number="4" name="4" style="r70_25" originx="9.8425196850392" originy="-89.094488188975" rotation="0" />
    <pcbpin number="5" name="5" style="r70_25" originx="29.527559055118" originy="-89.094488188975" rotation="0" />
    <pcbpin number="6" name="6" style="r70_25" originx="49.212598425196" originy="-89.094488188975" rotation="0" />
    <pcbpin number="7" name="G1" style="r65_40" originx="-49.212598425196" originy="89.055118110235" rotation="0" />
    <pcbpin number="8" name="G2" style="r65_40" originx="49.212598425196" originy="89.055118110235" rotation="0" />
    <pcbpin number="9" name="MP1" style="r160_65" originx="-159.44881889764" originy="89.055118110235" rotation="90" />
    <pcbpin number="10" name="MP2" style="r160_65" originx="159.44881889764" originy="89.055118110235" rotation="90" />
    <line layer="TOP_ASSEMBLY" originx="-200.7874015748" originy="95.472440944881" endx="200.7874015748" endy="95.472440944881" width="3.9370078740157" />
    <line layer="TOP_ASSEMBLY" originx="200.7874015748" originy="95.472440944881" endx="200.7874015748" endy="-95.472440944881" width="3.9370078740157" />
    <line layer="TOP_ASSEMBLY" originx="200.7874015748" originy="-95.472440944881" endx="-200.7874015748" endy="-95.472440944881" width="3.9370078740157" />
    <line layer="TOP_ASSEMBLY" originx="-200.7874015748" originy="-95.472440944881" endx="-200.7874015748" endy="95.472440944881" width="3.9370078740157" />
    <line layer="TOP_PLACE_BOUND" originx="-240.15748031496" originy="141.22047244094" endx="240.15748031496" endy="141.22047244094" width="3.9370078740157" />
    <line layer="TOP_PLACE_BOUND" originx="240.15748031496" originy="141.22047244094" endx="240.15748031496" endy="-142.20472440945" width="3.9370078740157" />
    <line layer="TOP_PLACE_BOUND" originx="240.15748031496" originy="-142.20472440945" endx="-240.15748031496" endy="-142.20472440945" width="3.9370078740157" />
    <line layer="TOP_PLACE_BOUND" originx="-240.15748031496" originy="-142.20472440945" endx="-240.15748031496" endy="141.22047244094" width="3.9370078740157" />
    <line layer="TOP_SILKSCREEN" originx="-200.7874015748" originy="59.055118110235" endx="-200.7874015748" endy="-95.472440944881" width="7.8740157480314" />
    <line layer="TOP_SILKSCREEN" originx="-200.7874015748" originy="-95.472440944881" endx="-78.740157480314" endy="-95.472440944881" width="7.8740157480314" />
    <line layer="TOP_SILKSCREEN" originx="200.7874015748" originy="59.055118110235" endx="200.7874015748" endy="-95.472440944881" width="7.8740157480314" />
    <line layer="TOP_SILKSCREEN" originx="200.7874015748" originy="-95.472440944881" endx="78.740157480314" endy="-95.472440944881" width="7.8740157480314" />
  </footprint>
  <symbol name="F3081B7F121006E200" originx="0" originy="0">
    <line originx="200" originy="100" endx="800" endy="100" width="0" />
    <line originx="800" originy="-600" endx="800" endy="100" width="0" />
    <line originx="800" originy="-600" endx="200" endy="-600" width="0" />
    <line originx="200" originy="100" endx="200" endy="-600" width="0" />
    <sympin number="1" originx="200" originy="0" rotation="180" length="100" width="7.8740157480315" flipped="False">
      <text name="pinname" originx="230" originy="0" style="Default" rotation="0" justify="left" flipped="False" hidden="False" data="1" />
      <text name="pindes" originx="140" originy="20" style="Default" rotation="0" justify="lowerright" flipped="False" hidden="False" data="1" />
    </sympin>
    <sympin number="2" originx="200" originy="-100" rotation="180" length="100" width="7.8740157480315" flipped="False">
      <text name="pinname" originx="230" originy="-100" style="Default" rotation="0" justify="left" flipped="False" hidden="False" data="2" />
      <text name="pindes" originx="140" originy="-80" style="Default" rotation="0" justify="lowerright" flipped="False" hidden="False" data="2" />
    </sympin>
    <sympin number="3" originx="200" originy="-200" rotation="180" length="100" width="7.8740157480315" flipped="False">
      <text name="pinname" originx="230" originy="-200" style="Default" rotation="0" justify="left" flipped="False" hidden="False" data="3" />
      <text name="pindes" originx="140" originy="-180" style="Default" rotation="0" justify="lowerright" flipped="False" hidden="False" data="3" />
    </sympin>
    <sympin number="4" originx="200" originy="-300" rotation="180" length="100" width="7.8740157480315" flipped="False">
      <text name="pinname" originx="230" originy="-300" style="Default" rotation="0" justify="left" flipped="False" hidden="False" data="4" />
      <text name="pindes" originx="140" originy="-280" style="Default" rotation="0" justify="lowerright" flipped="False" hidden="False" data="4" />
    </sympin>
    <sympin number="5" originx="200" originy="-400" rotation="180" length="100" width="7.8740157480315" flipped="False">
      <text name="pinname" originx="230" originy="-400" style="Default" rotation="0" justify="left" flipped="False" hidden="False" data="5" />
      <text name="pindes" originx="140" originy="-380" style="Default" rotation="0" justify="lowerright" flipped="False" hidden="False" data="5" />
    </sympin>
    <sympin number="6" originx="200" originy="-500" rotation="180" length="100" width="7.8740157480315" flipped="False">
      <text name="pinname" originx="230" originy="-500" style="Default" rotation="0" justify="left" flipped="False" hidden="False" data="6" />
      <text name="pindes" originx="140" originy="-480" style="Default" rotation="0" justify="lowerright" flipped="False" hidden="False" data="6" />
    </sympin>
    <sympin number="7" originx="800" originy="-100" rotation="0" length="100" width="7.8740157480315" flipped="False">
      <text name="pinname" originx="770" originy="-100" style="Default" rotation="0" justify="right" flipped="False" hidden="False" data="GND_1" />
      <text name="pindes" originx="860" originy="-80" style="Default" rotation="0" justify="lowerleft" flipped="False" hidden="False" data="G1" />
    </sympin>
    <sympin number="8" originx="800" originy="-200" rotation="0" length="100" width="7.8740157480315" flipped="False">
      <text name="pinname" originx="770" originy="-200" style="Default" rotation="0" justify="right" flipped="False" hidden="False" data="GND_2" />
      <text name="pindes" originx="860" originy="-180" style="Default" rotation="0" justify="lowerleft" flipped="False" hidden="False" data="G2" />
    </sympin>
    <sympin number="9" originx="800" originy="0" rotation="0" length="100" width="7.8740157480315" flipped="False">
      <text name="pinname" originx="770" originy="0" style="Default" rotation="0" justify="right" flipped="False" hidden="False" data="MP1" />
      <text name="pindes" originx="860" originy="20" style="Default" rotation="0" justify="lowerleft" flipped="False" hidden="False" data="MP1" />
    </sympin>
    <sympin number="10" originx="800" originy="-300" rotation="0" length="100" width="7.8740157480315" flipped="False">
      <text name="pinname" originx="770" originy="-300" style="Default" rotation="0" justify="right" flipped="False" hidden="False" data="MP2" />
      <text name="pindes" originx="860" originy="-280" style="Default" rotation="0" justify="lowerleft" flipped="False" hidden="False" data="MP2" />
    </sympin>
  </symbol>
  <component name="F3081B7F121006E200" designatorprefix="J" height="110.23622047244" footprint="F3081B7F121006E200">
    <comppin designator="1" sympin="1" pinswap="0" gateswap="0" gate="1" group="1" side="" type="Any" name="1" />
    <comppin designator="2" sympin="2" pinswap="0" gateswap="0" gate="1" group="1" side="" type="Any" name="2" />
    <comppin designator="3" sympin="3" pinswap="0" gateswap="0" gate="1" group="1" side="" type="Any" name="3" />
    <comppin designator="4" sympin="4" pinswap="0" gateswap="0" gate="1" group="1" side="" type="Any" name="4" />
    <comppin designator="5" sympin="5" pinswap="0" gateswap="0" gate="1" group="1" side="" type="Any" name="5" />
    <comppin designator="6" sympin="6" pinswap="0" gateswap="0" gate="1" group="1" side="" type="Any" name="6" />
    <comppin designator="G1" sympin="7" pinswap="0" gateswap="0" gate="1" group="1" side="" type="Any" name="GND_1" />
    <comppin designator="G2" sympin="8" pinswap="0" gateswap="0" gate="1" group="1" side="" type="Any" name="GND_2" />
    <comppin designator="MP1" sympin="9" pinswap="0" gateswap="0" gate="1" group="1" side="" type="Any" name="MP1" />
    <comppin designator="MP2" sympin="10" pinswap="0" gateswap="0" gate="1" group="1" side="" type="Any" name="MP2" />
    <attached_symbol gate="1" name="F3081B7F121006E200" />
    <pinmap designator="1" footprintpin="1" />
    <pinmap designator="2" footprintpin="2" />
    <pinmap designator="3" footprintpin="3" />
    <pinmap designator="4" footprintpin="4" />
    <pinmap designator="5" footprintpin="5" />
    <pinmap designator="6" footprintpin="6" />
    <pinmap designator="G1" footprintpin="7" />
    <pinmap designator="G2" footprintpin="8" />
    <pinmap designator="MP1" footprintpin="9" />
    <pinmap designator="MP2" footprintpin="10" />
    <text name="Datasheet" originx="0" originy="0" style="Default" rotation="0" justify="" flipped="False" hidden="True" data="" />
    <text name="Description" originx="0" originy="0" style="Default" rotation="0" justify="" flipped="False" hidden="True" data="FFC &amp; FPC Connectors F308-1B7F1-21006-E20 #VALUE!" />
    <text name="Mouser Part Number" originx="0" originy="0" style="Default" rotation="0" justify="" flipped="False" hidden="True" data="649-F3081B7F006E200" />
    <text name="Mouser Price/Stock" originx="0" originy="0" style="Default" rotation="0" justify="" flipped="False" hidden="True" data="https://www.mouser.co.uk/ProductDetail/Amphenol-FCI/F3081B7F121006E200?qs=OlC7AqGiEDlbHOY63ODzcg%3D%3D" />
    <text name="Manufacturer_Name" originx="0" originy="0" style="Default" rotation="0" justify="" flipped="False" hidden="True" data="Amphenol" />
    <text name="Manufacturer_Part_Number" originx="850" originy="200" style="Default" rotation="0" justify="left" flipped="False" hidden="False" data="F3081B7F121006E200" />
  </component>
</quadcept_library>
