<?xml version="1.0" encoding="utf-8"?>
<!--/1384111/1207749/2.50/2/3/Schottky Diode/-->
<quadcept_library>
  <setting unit="mil" />
  <textstyle name="Default" height="47.244094488189" strokewidth="7.8740157480315" charwidth="47.244094488189" />
  <textstyle name="Dimension" height="19.6850393700787" strokewidth="0" charwidth="19.6850393700787" />
  <textstyle name="H127W0635TH00762" height="50" strokewidth="3" charwidth="25" />
  <textstyle name="H15W15TH02" height="59.0551181102362" strokewidth="7.8740157480315" charwidth="59.0551181102362" />
  <padstyle name="r115_75" surface="True" plated="False" isvia="False" nopaste="False" nomask="True" complex="False" holesize="0">
    <padshape layer="TOP" shape="rectangle" width="29.527559055118" height="45.275590551181" />
    <padshape layer="TOP_SOLDER_MASK" shape="rectangle" width="37.401574803149" height="53.149606299212" />
    <padshape layer="TOP_SOLDER_PASTE" shape="rectangle" width="29.527559055118" height="45.275590551181" />
  </padstyle>
  <footprint name="DIOM179X85N" originx="0" originy="0" pickpointx="0" pickpointy="0">
    <pcbpin number="1" name="1" style="r115_75" originx="-33.464566929133" originy="0" rotation="90" />
    <pcbpin number="2" name="2" style="r115_75" originx="33.464566929133" originy="0" rotation="90" />
    <line layer="TOP_PLACE_BOUND" originx="-65.944881889763" originy="29.527559055118" endx="65.944881889763" endy="29.527559055118" width="1.9685039370079" />
    <line layer="TOP_PLACE_BOUND" originx="65.944881889763" originy="29.527559055118" endx="65.944881889763" endy="-29.527559055118" width="1.9685039370079" />
    <line layer="TOP_PLACE_BOUND" originx="65.944881889763" originy="-29.527559055118" endx="-65.944881889763" endy="-29.527559055118" width="1.9685039370079" />
    <line layer="TOP_PLACE_BOUND" originx="-65.944881889763" originy="-29.527559055118" endx="-65.944881889763" endy="29.527559055118" width="1.9685039370079" />
    <line layer="TOP_ASSEMBLY" originx="-33.464566929133" originy="17.716535433071" endx="33.464566929133" endy="17.716535433071" width="3.9370078740157" />
    <line layer="TOP_ASSEMBLY" originx="33.464566929133" originy="17.716535433071" endx="33.464566929133" endy="-17.716535433071" width="3.9370078740157" />
    <line layer="TOP_ASSEMBLY" originx="33.464566929133" originy="-17.716535433071" endx="-33.464566929133" endy="-17.716535433071" width="3.9370078740157" />
    <line layer="TOP_ASSEMBLY" originx="-33.464566929133" originy="-17.716535433071" endx="-33.464566929133" endy="17.716535433071" width="3.9370078740157" />
    <line layer="TOP_ASSEMBLY" originx="-33.464566929133" originy="2.9527559055118" endx="-18.700787401575" endy="17.716535433071" width="3.9370078740157" />
    <line layer="TOP_SILKSCREEN" originx="33.464566929133" originy="17.716535433071" endx="-48.228346456692" endy="17.716535433071" width="7.8740157480314" />
    <line layer="TOP_SILKSCREEN" originx="-33.464566929133" originy="-17.716535433071" endx="33.464566929133" endy="-17.716535433071" width="7.8740157480314" />
  </footprint>
  <symbol name="CDBU0320" originx="0" originy="0">
    <line originx="300" originy="100" endx="300" endy="-100" width="0" />
    <line originx="300" originy="100" endx="340" endy="100" width="0" />
    <line originx="340" originy="60" endx="340" endy="100" width="0" />
    <line originx="300" originy="-100" endx="260" endy="-100" width="0" />
    <line originx="260" originy="-60" endx="260" endy="-100" width="0" />
    <line originx="200" originy="0" endx="300" endy="0" width="0" />
    <line originx="500" originy="0" endx="600" endy="0" width="0" />
    <sympin number="1" originx="200" originy="0" rotation="180" length="100" width="7.8740157480315" flipped="False">
      <text name="pinname" originx="240" originy="10" style="Default" rotation="0" justify="left" flipped="False" hidden="True" data="K" />
      <text name="pindes" originx="160" originy="10" style="Default" rotation="0" justify="lowerright" flipped="False" hidden="False" data="1" />
    </sympin>
    <sympin number="2" originx="600" originy="0" rotation="0" length="100" width="7.8740157480315" flipped="False">
      <text name="pinname" originx="560" originy="10" style="Default" rotation="0" justify="right" flipped="False" hidden="True" data="A" />
      <text name="pindes" originx="640" originy="10" style="Default" rotation="0" justify="lowerleft" flipped="False" hidden="False" data="2" />
    </sympin>
    <polygon type="polygon">
      <point x="300" y="0" />
      <point x="500" y="100" />
      <point x="500" y="-100" />
    </polygon>
  </symbol>
  <component name="CDBU0320" designatorprefix="D" height="33.464566929133" footprint="DIOM179X85N">
    <comppin designator="1" sympin="1" pinswap="0" gateswap="0" gate="1" group="1" side="" type="Any" name="K" />
    <comppin designator="2" sympin="2" pinswap="0" gateswap="0" gate="1" group="1" side="" type="Any" name="A" />
    <attached_symbol gate="1" name="CDBU0320" />
    <pinmap designator="1" footprintpin="1" />
    <pinmap designator="2" footprintpin="2" />
    <text name="Datasheet" originx="0" originy="0" style="Default" rotation="0" justify="" flipped="False" hidden="True" data="https://componentsearchengine.com/Datasheets/1/CDBU0320.pdf" />
    <text name="Description" originx="0" originy="0" style="Default" rotation="0" justify="" flipped="False" hidden="True" data="Schottky Diodes &amp; Rectifiers SCHOTTKY 350mA 20V" />
    <text name="Mouser Part Number" originx="0" originy="0" style="Default" rotation="0" justify="" flipped="False" hidden="True" data="750-CDBU0320" />
    <text name="Mouser Price/Stock" originx="0" originy="0" style="Default" rotation="0" justify="" flipped="False" hidden="True" data="https://www.mouser.co.uk/ProductDetail/Comchip-Technology/CDBU0320?qs=2qJf6qQ4IOLozcGqmreGCw%3D%3D" />
    <text name="Manufacturer_Name" originx="0" originy="0" style="Default" rotation="0" justify="" flipped="False" hidden="True" data="Comchip Technology" />
    <text name="Manufacturer_Part_Number" originx="500" originy="250" style="Default" rotation="0" justify="left" flipped="False" hidden="False" data="CDBU0320" />
  </component>
</quadcept_library>
