<?xml version="1.0" encoding="utf-8"?>
<!--/2173982/1207749/2.50/2/4/Diode/-->
<quadcept_library>
  <setting unit="mil" />
  <textstyle name="Default" height="47.244094488189" strokewidth="7.8740157480315" charwidth="47.244094488189" />
  <textstyle name="Dimension" height="19.6850393700787" strokewidth="0" charwidth="19.6850393700787" />
  <textstyle name="H127W0635TH00762" height="50" strokewidth="3" charwidth="25" />
  <textstyle name="H15W15TH02" height="59.0551181102362" strokewidth="7.8740157480315" charwidth="59.0551181102362" />
  <padstyle name="r203_140" surface="True" plated="False" isvia="False" nopaste="False" nomask="True" complex="False" holesize="0">
    <padshape layer="TOP" shape="rectangle" width="55.11811023622" height="79.921259842519" />
    <padshape layer="TOP_SOLDER_MASK" shape="rectangle" width="62.992125984251" height="87.79527559055" />
    <padshape layer="TOP_SOLDER_PASTE" shape="rectangle" width="55.11811023622" height="79.921259842519" />
  </padstyle>
  <footprint name="1N4148UR1" originx="0" originy="0" pickpointx="0" pickpointy="0">
    <pcbpin number="1" name="1" style="r203_140" originx="-72.440944881889" originy="0" rotation="0" />
    <pcbpin number="2" name="2" style="r203_140" originx="72.440944881889" originy="0" rotation="0" />
    <line layer="TOP_ASSEMBLY" originx="-68.897637795275" originy="32.48031496063" endx="68.897637795275" endy="32.48031496063" width="7.8740157480314" />
    <line layer="TOP_ASSEMBLY" originx="68.897637795275" originy="32.48031496063" endx="68.897637795275" endy="-32.48031496063" width="7.8740157480314" />
    <line layer="TOP_ASSEMBLY" originx="68.897637795275" originy="-32.48031496063" endx="-68.897637795275" endy="-32.48031496063" width="7.8740157480314" />
    <line layer="TOP_ASSEMBLY" originx="-68.897637795275" originy="-32.48031496063" endx="-68.897637795275" endy="32.48031496063" width="7.8740157480314" />
    <line layer="TOP_PLACE_BOUND" originx="-139.37007874016" originy="79.330708661416" endx="139.37007874016" endy="79.330708661416" width="3.9370078740157" />
    <line layer="TOP_PLACE_BOUND" originx="139.37007874016" originy="79.330708661416" endx="139.37007874016" endy="-79.330708661416" width="3.9370078740157" />
    <line layer="TOP_PLACE_BOUND" originx="139.37007874016" originy="-79.330708661416" endx="-139.37007874016" endy="-79.330708661416" width="3.9370078740157" />
    <line layer="TOP_PLACE_BOUND" originx="-139.37007874016" originy="-79.330708661416" endx="-139.37007874016" endy="79.330708661416" width="3.9370078740157" />
    <line layer="TOP_SILKSCREEN" originx="-35.433070866141" originy="32.48031496063" endx="35.433070866141" endy="32.48031496063" width="3.9370078740157" />
    <line layer="TOP_SILKSCREEN" originx="-35.433070866141" originy="-32.48031496063" endx="35.433070866141" endy="-32.48031496063" width="3.9370078740157" />
    <line layer="TOP_SILKSCREEN" originx="-118.11023622047" originy="3.9370078740157" endx="-118.11023622047" endy="3.9370078740157" width="7.8740157480314" />
    <arc layer="TOP_SILKSCREEN" originx="-118.11023622047" originy="0" startangle="90.0" sweepangle="180.0" radius="3.9370078740157" width="7.8740157480314" />
    <line layer="TOP_SILKSCREEN" originx="-118.11023622047" originy="-3.9370078740157" endx="-118.11023622047" endy="-3.9370078740157" width="7.8740157480314" />
    <arc layer="TOP_SILKSCREEN" originx="-118.11023622047" originy="0" startangle="-90.0" sweepangle="180.0" radius="3.9370078740157" width="7.8740157480314" />
  </footprint>
  <symbol name="1N4148UR-1" originx="0" originy="0">
    <line originx="200" originy="100" endx="200" endy="-100" width="0" />
    <line originx="100" originy="0" endx="200" endy="0" width="0" />
    <line originx="400" originy="0" endx="500" endy="0" width="0" />
    <sympin number="1" originx="100" originy="0" rotation="180" length="100" width="7.8740157480315" flipped="False">
      <text name="pinname" originx="140" originy="10" style="Default" rotation="0" justify="left" flipped="False" hidden="True" data="K" />
      <text name="pindes" originx="60" originy="10" style="Default" rotation="0" justify="lowerright" flipped="False" hidden="False" data="1" />
    </sympin>
    <sympin number="2" originx="500" originy="0" rotation="0" length="100" width="7.8740157480315" flipped="False">
      <text name="pinname" originx="460" originy="10" style="Default" rotation="0" justify="right" flipped="False" hidden="True" data="A" />
      <text name="pindes" originx="540" originy="10" style="Default" rotation="0" justify="lowerleft" flipped="False" hidden="False" data="2" />
    </sympin>
    <polygon type="polygon">
      <point x="200" y="0" />
      <point x="400" y="100" />
      <point x="400" y="-100" />
    </polygon>
  </symbol>
  <component name="1N4148UR-1" designatorprefix="D" height="66.929133858267" footprint="1N4148UR1">
    <comppin designator="1" sympin="1" pinswap="0" gateswap="0" gate="1" group="1" side="" type="Any" name="K" />
    <comppin designator="2" sympin="2" pinswap="0" gateswap="0" gate="1" group="1" side="" type="Any" name="A" />
    <attached_symbol gate="1" name="1N4148UR-1" />
    <pinmap designator="1" footprintpin="1" />
    <pinmap designator="2" footprintpin="2" />
    <text name="Datasheet" originx="0" originy="0" style="Default" rotation="0" justify="" flipped="False" hidden="True" data="https://www.microsemi.com/document-portal/doc_download/125215-lds-0281-1-datasheet" />
    <text name="Description" originx="0" originy="0" style="Default" rotation="0" justify="" flipped="False" hidden="True" data="Diodes - General Purpose, Power, Switching Switching" />
    <text name="Mouser Part Number" originx="0" originy="0" style="Default" rotation="0" justify="" flipped="False" hidden="True" data="494-1N4148UR-1" />
    <text name="Mouser Price/Stock" originx="0" originy="0" style="Default" rotation="0" justify="" flipped="False" hidden="True" data="https://www.mouser.co.uk/ProductDetail/Microchip-Microsemi/1N4148UR-1/?qs=%252BRKXB2WKlSdXiNZTe6I9fg%3D%3D" />
    <text name="Manufacturer_Name" originx="0" originy="0" style="Default" rotation="0" justify="" flipped="False" hidden="True" data="Microsemi Corporation" />
    <text name="Manufacturer_Part_Number" originx="450" originy="100" style="Default" rotation="0" justify="left" flipped="False" hidden="False" data="1N4148UR-1" />
  </component>
</quadcept_library>
