<?xml version="1.0" encoding="utf-8"?>
<!--/2201740/1207749/2.50/2/2/Capacitor/-->
<quadcept_library>
  <setting unit="mil" />
  <textstyle name="Default" height="47.244094488189" strokewidth="7.8740157480315" charwidth="47.244094488189" />
  <textstyle name="Dimension" height="19.6850393700787" strokewidth="0" charwidth="19.6850393700787" />
  <textstyle name="H127W0635TH00762" height="50" strokewidth="3" charwidth="25" />
  <textstyle name="H15W15TH02" height="59.0551181102362" strokewidth="7.8740157480315" charwidth="59.0551181102362" />
  <padstyle name="c127.5_h85" surface="False" plated="True" isvia="False" nopaste="True" nomask="True" complex="False" holesize="33.464566929133">
    <padshape layer="TOP" shape="round" width="50.1968503937" height="50.1968503937" />
    <padshape layer="TOP_SOLDER_MASK" shape="round" width="58.070866141732" height="58.070866141732" />
    <padshape layer="INNER" shape="round" width="50.1968503937" height="50.1968503937" />
    <padshape layer="BOTTOM" shape="round" width="50.1968503937" height="50.1968503937" />
    <padshape layer="BOTTOM_SOLDER_MASK" shape="round" width="58.070866141732" height="58.070866141732" />
  </padstyle>
  <padstyle name="s127.5_h85" surface="False" plated="True" isvia="False" nopaste="True" nomask="True" complex="False" holesize="33.464566929133">
    <padshape layer="TOP" shape="square" width="50.1968503937" height="50.1968503937" />
    <padshape layer="TOP_SOLDER_MASK" shape="square" width="58.070866141732" height="58.070866141732" />
    <padshape layer="INNER" shape="round" width="50.1968503937" height="50.1968503937" />
    <padshape layer="BOTTOM" shape="square" width="50.1968503937" height="50.1968503937" />
    <padshape layer="BOTTOM_SOLDER_MASK" shape="square" width="58.070866141732" height="58.070866141732" />
  </padstyle>
  <footprint name="CAPPRD500W65D1000H1350" originx="0" originy="0" pickpointx="0" pickpointy="0">
    <pcbpin number="1" name="1" style="s127.5_h85" originx="0" originy="0" rotation="90" />
    <pcbpin number="2" name="2" style="c127.5_h85" originx="196.85039370078" originy="0" rotation="90" />
    <arc layer="TOP_PLACE_BOUND" originx="98.425196850392" originy="0" startangle="180" sweepangle="180" radius="216.53543307086" width="1.9685039370079" />
    <arc layer="TOP_PLACE_BOUND" originx="98.425196850392" originy="0" startangle="180" sweepangle="-180" radius="216.53543307086" width="1.9685039370079" />
    <arc layer="TOP_SILKSCREEN" originx="98.425196850392" originy="0" startangle="180" sweepangle="180" radius="196.85039370078" width="7.8740157480314" />
    <arc layer="TOP_SILKSCREEN" originx="98.425196850392" originy="0" startangle="180" sweepangle="-180" radius="196.85039370078" width="7.8740157480314" />
    <arc layer="TOP_ASSEMBLY" originx="98.425196850392" originy="0" startangle="180" sweepangle="180" radius="196.85039370078" width="3.9370078740157" />
    <arc layer="TOP_ASSEMBLY" originx="98.425196850392" originy="0" startangle="180" sweepangle="-180" radius="196.85039370078" width="3.9370078740157" />
  </footprint>
  <symbol name="ECA-1HEN470" originx="0" originy="0">
    <line originx="220" originy="100" endx="220" endy="-100" width="0" />
    <line originx="280" originy="100" endx="280" endy="-100" width="0" />
    <line originx="200" originy="0" endx="220" endy="0" width="0" />
    <line originx="280" originy="0" endx="300" endy="0" width="0" />
    <sympin number="1" originx="200" originy="0" rotation="180" length="100" width="7.8740157480315" flipped="False">
      <text name="pinname" originx="0" originy="-10" style="Default" rotation="0" justify="upperleft" flipped="False" hidden="True" data="+" />
      <text name="pindes" originx="0" originy="10" style="Default" rotation="0" justify="lowerleft" flipped="False" hidden="False" data="1" />
    </sympin>
    <sympin number="2" originx="300" originy="0" rotation="0" length="100" width="7.8740157480315" flipped="False">
      <text name="pinname" originx="500" originy="-10" style="Default" rotation="0" justify="upperright" flipped="False" hidden="True" data="-" />
      <text name="pindes" originx="500" originy="10" style="Default" rotation="0" justify="lowerright" flipped="False" hidden="False" data="2" />
    </sympin>
  </symbol>
  <component name="ECA-1HEN470" designatorprefix="C" height="531.49606299212" footprint="CAPPRD500W65D1000H1350">
    <comppin designator="1" sympin="1" pinswap="0" gateswap="0" gate="1" group="1" side="" type="Any" name="+" />
    <comppin designator="2" sympin="2" pinswap="0" gateswap="0" gate="1" group="1" side="" type="Any" name="-" />
    <attached_symbol gate="1" name="ECA-1HEN470" />
    <pinmap designator="1" footprintpin="1" />
    <pinmap designator="2" footprintpin="2" />
    <text name="Datasheet" originx="0" originy="0" style="Default" rotation="0" justify="" flipped="False" hidden="True" data="https://industrial.panasonic.com/cdbs/www-data/pdf/RDF0000/ABA0000C1044.pdf" />
    <text name="Description" originx="0" originy="0" style="Default" rotation="0" justify="" flipped="False" hidden="True" data="Aluminium Electrolytic Capacitors - Radial Leaded Al Lytic Cap, Radial GA(Bi-polar) Series" />
    <text name="Mouser Part Number" originx="0" originy="0" style="Default" rotation="0" justify="" flipped="False" hidden="True" data="667-ECA-1HEN470" />
    <text name="Mouser Price/Stock" originx="0" originy="0" style="Default" rotation="0" justify="" flipped="False" hidden="True" data="https://www.mouser.co.uk/ProductDetail/Panasonic/ECA-1HEN470?qs=tfZGHB2PWd0JHGKaxxJwhg%3D%3D" />
    <text name="Manufacturer_Name" originx="0" originy="0" style="Default" rotation="0" justify="" flipped="False" hidden="True" data="Panasonic" />
    <text name="Manufacturer_Part_Number" originx="350" originy="150" style="Default" rotation="0" justify="left" flipped="False" hidden="False" data="ECA-1HEN470" />
  </component>
</quadcept_library>
