<?xml version="1.0" encoding="utf-8"?>
<!--/2409930/1207749/2.50/2/0/Inductor/-->
<quadcept_library>
  <setting unit="mil" />
  <textstyle name="Default" height="47.244094488189" strokewidth="7.8740157480315" charwidth="47.244094488189" />
  <textstyle name="Dimension" height="19.6850393700787" strokewidth="0" charwidth="19.6850393700787" />
  <textstyle name="H127W0635TH00762" height="50" strokewidth="3" charwidth="25" />
  <textstyle name="H15W15TH02" height="59.0551181102362" strokewidth="7.8740157480315" charwidth="59.0551181102362" />
  <padstyle name="r400_150" surface="True" plated="False" isvia="False" nopaste="False" nomask="True" complex="False" holesize="0">
    <padshape layer="TOP" shape="rectangle" width="59.055118110235" height="157.48031496063" />
    <padshape layer="TOP_SOLDER_MASK" shape="rectangle" width="66.929133858267" height="165.35433070866" />
    <padshape layer="TOP_SOLDER_PASTE" shape="rectangle" width="59.055118110235" height="157.48031496063" />
  </padstyle>
  <footprint name="NRS5040T100MMGJ" originx="0" originy="0" pickpointx="0" pickpointy="0">
    <pcbpin number="1" name="1" style="r400_150" originx="-70.866141732283" originy="0" rotation="0" />
    <pcbpin number="2" name="2" style="r400_150" originx="70.866141732283" originy="0" rotation="0" />
    <line layer="TOP_ASSEMBLY" originx="-96.456692913385" originy="96.456692913385" endx="96.456692913385" endy="96.456692913385" width="7.8740157480314" />
    <line layer="TOP_ASSEMBLY" originx="96.456692913385" originy="96.456692913385" endx="96.456692913385" endy="-96.456692913385" width="7.8740157480314" />
    <line layer="TOP_ASSEMBLY" originx="96.456692913385" originy="-96.456692913385" endx="-96.456692913385" endy="-96.456692913385" width="7.8740157480314" />
    <line layer="TOP_ASSEMBLY" originx="-96.456692913385" originy="-96.456692913385" endx="-96.456692913385" endy="96.456692913385" width="7.8740157480314" />
    <line layer="TOP_PLACE_BOUND" originx="-139.76377952756" originy="135.82677165354" endx="139.76377952756" endy="135.82677165354" width="3.9370078740157" />
    <line layer="TOP_PLACE_BOUND" originx="139.76377952756" originy="135.82677165354" endx="139.76377952756" endy="-135.82677165354" width="3.9370078740157" />
    <line layer="TOP_PLACE_BOUND" originx="139.76377952756" originy="-135.82677165354" endx="-139.76377952756" endy="-135.82677165354" width="3.9370078740157" />
    <line layer="TOP_PLACE_BOUND" originx="-139.76377952756" originy="-135.82677165354" endx="-139.76377952756" endy="135.82677165354" width="3.9370078740157" />
    <line layer="TOP_SILKSCREEN" originx="-96.456692913385" originy="96.456692913385" endx="96.456692913385" endy="96.456692913385" width="3.9370078740157" />
    <line layer="TOP_SILKSCREEN" originx="-96.456692913385" originy="-96.456692913385" endx="96.456692913385" endy="-96.456692913385" width="3.9370078740157" />
  </footprint>
  <symbol name="NRS5040T100MMGJ" originx="0" originy="0">
    <arc originx="250" originy="-2" startangle="177.7" sweepangle="-175.4" radius="50" width="0" />
    <arc originx="350" originy="-2" startangle="177.7" sweepangle="-175.4" radius="50" width="0" />
    <arc originx="450" originy="-2" startangle="177.7" sweepangle="-175.4" radius="50" width="0" />
    <arc originx="550" originy="-2" startangle="177.7" sweepangle="-175.4" radius="50" width="0" />
    <sympin number="1" originx="200" originy="0" rotation="180" length="100" width="7.8740157480315" flipped="False">
      <text name="pinname" originx="0" originy="-10" style="Default" rotation="0" justify="upperleft" flipped="False" hidden="True" data="1" />
      <text name="pindes" originx="0" originy="10" style="Default" rotation="0" justify="lowerleft" flipped="False" hidden="False" data="1" />
    </sympin>
    <sympin number="2" originx="600" originy="0" rotation="0" length="100" width="7.8740157480315" flipped="False">
      <text name="pinname" originx="800" originy="-10" style="Default" rotation="0" justify="upperright" flipped="False" hidden="True" data="2" />
      <text name="pindes" originx="800" originy="10" style="Default" rotation="0" justify="lowerright" flipped="False" hidden="False" data="2" />
    </sympin>
  </symbol>
  <component name="NRS5040T100MMGJ" designatorprefix="L" height="161.41732283464" footprint="NRS5040T100MMGJ">
    <comppin designator="1" sympin="1" pinswap="0" gateswap="0" gate="1" group="1" side="" type="Any" name="1" />
    <comppin designator="2" sympin="2" pinswap="0" gateswap="0" gate="1" group="1" side="" type="Any" name="2" />
    <attached_symbol gate="1" name="NRS5040T100MMGJ" />
    <pinmap designator="1" footprintpin="1" />
    <pinmap designator="2" footprintpin="2" />
    <text name="Datasheet" originx="0" originy="0" style="Default" rotation="0" justify="" flipped="False" hidden="True" data="https://datasheet.lcsc.com/szlcsc/1812061617_Taiyo-Yuden-NRS5040T100MMGJ_C222949.pdf" />
    <text name="Description" originx="0" originy="0" style="Default" rotation="0" justify="" flipped="False" hidden="True" data="Fixed Inductors 10uH 20%" />
    <text name="Mouser Part Number" originx="0" originy="0" style="Default" rotation="0" justify="" flipped="False" hidden="True" data="963-NRS5040T100MMGJ" />
    <text name="Mouser Price/Stock" originx="0" originy="0" style="Default" rotation="0" justify="" flipped="False" hidden="True" data="https://www.mouser.co.uk/ProductDetail/TAIYO-YUDEN/NRS5040T100MMGJ?qs=y6ZabgHbY%252BxiJJH9TpkLFQ%3D%3D" />
    <text name="Manufacturer_Name" originx="0" originy="0" style="Default" rotation="0" justify="" flipped="False" hidden="True" data="TAIYO YUDEN" />
    <text name="Manufacturer_Part_Number" originx="650" originy="150" style="Default" rotation="0" justify="left" flipped="False" hidden="False" data="NRS5040T100MMGJ" />
  </component>
</quadcept_library>
