<?xml version="1.0" encoding="utf-8"?>
<!--/15839825/1207749/2.50/2/2/Capacitor/-->
<quadcept_library>
  <setting unit="mil" />
  <textstyle name="Default" height="47.244094488189" strokewidth="7.8740157480315" charwidth="47.244094488189" />
  <textstyle name="Dimension" height="19.6850393700787" strokewidth="0" charwidth="19.6850393700787" />
  <textstyle name="H127W0635TH00762" height="50" strokewidth="3" charwidth="25" />
  <textstyle name="H15W15TH02" height="59.0551181102362" strokewidth="7.8740157480315" charwidth="59.0551181102362" />
  <padstyle name="r282_92" surface="True" plated="False" isvia="False" nopaste="False" nomask="True" complex="False" holesize="0">
    <padshape layer="TOP" shape="rectangle" width="36.220472440944" height="111.02362204724" />
    <padshape layer="TOP_SOLDER_MASK" shape="rectangle" width="44.094488188976" height="118.89763779527" />
    <padshape layer="TOP_SOLDER_PASTE" shape="rectangle" width="36.220472440944" height="111.02362204724" />
  </padstyle>
  <footprint name="CAPC3225X230N" originx="0" originy="0" pickpointx="0" pickpointy="0">
    <pcbpin number="1" name="1" style="r282_92" originx="-60.629921259842" originy="0" rotation="0" />
    <pcbpin number="2" name="2" style="r282_92" originx="60.629921259842" originy="0" rotation="0" />
    <line layer="TOP_PLACE_BOUND" originx="-84.645669291338" originy="61.417322834645" endx="84.645669291338" endy="61.417322834645" width="1.9685039370079" />
    <line layer="TOP_PLACE_BOUND" originx="84.645669291338" originy="61.417322834645" endx="84.645669291338" endy="-61.417322834645" width="1.9685039370079" />
    <line layer="TOP_PLACE_BOUND" originx="84.645669291338" originy="-61.417322834645" endx="-84.645669291338" endy="-61.417322834645" width="1.9685039370079" />
    <line layer="TOP_PLACE_BOUND" originx="-84.645669291338" originy="-61.417322834645" endx="-84.645669291338" endy="61.417322834645" width="1.9685039370079" />
    <line layer="TOP_ASSEMBLY" originx="-62.992125984251" originy="49.212598425196" endx="62.992125984251" endy="49.212598425196" width="3.9370078740157" />
    <line layer="TOP_ASSEMBLY" originx="62.992125984251" originy="49.212598425196" endx="62.992125984251" endy="-49.212598425196" width="3.9370078740157" />
    <line layer="TOP_ASSEMBLY" originx="62.992125984251" originy="-49.212598425196" endx="-62.992125984251" endy="-49.212598425196" width="3.9370078740157" />
    <line layer="TOP_ASSEMBLY" originx="-62.992125984251" originy="-49.212598425196" endx="-62.992125984251" endy="49.212598425196" width="3.9370078740157" />
    <line layer="TOP_SILKSCREEN" originx="0" originy="45.275590551181" endx="0" endy="-45.275590551181" width="7.8740157480314" />
  </footprint>
  <symbol name="C3225X7R2A106K250AC" originx="0" originy="0">
    <line originx="220" originy="100" endx="220" endy="-100" width="0" />
    <line originx="280" originy="100" endx="280" endy="-100" width="0" />
    <line originx="200" originy="0" endx="220" endy="0" width="0" />
    <line originx="280" originy="0" endx="300" endy="0" width="0" />
    <sympin number="1" originx="200" originy="0" rotation="180" length="100" width="7.8740157480315" flipped="False">
      <text name="pinname" originx="0" originy="-10" style="Default" rotation="0" justify="upperleft" flipped="False" hidden="True" data="1" />
      <text name="pindes" originx="0" originy="10" style="Default" rotation="0" justify="lowerleft" flipped="False" hidden="False" data="1" />
    </sympin>
    <sympin number="2" originx="300" originy="0" rotation="0" length="100" width="7.8740157480315" flipped="False">
      <text name="pinname" originx="500" originy="-10" style="Default" rotation="0" justify="upperright" flipped="False" hidden="True" data="2" />
      <text name="pindes" originx="500" originy="10" style="Default" rotation="0" justify="lowerright" flipped="False" hidden="False" data="2" />
    </sympin>
  </symbol>
  <component name="C3225X7R2A106K250AC" designatorprefix="C" height="90.551181102361" footprint="CAPC3225X230N">
    <comppin designator="1" sympin="1" pinswap="0" gateswap="0" gate="1" group="1" side="" type="Any" name="1" />
    <comppin designator="2" sympin="2" pinswap="0" gateswap="0" gate="1" group="1" side="" type="Any" name="2" />
    <attached_symbol gate="1" name="C3225X7R2A106K250AC" />
    <pinmap designator="1" footprintpin="1" />
    <pinmap designator="2" footprintpin="2" />
    <text name="Datasheet" originx="0" originy="0" style="Default" rotation="0" justify="" flipped="False" hidden="True" data="https://product.tdk.com/info/en/catalog/datasheets/mlcc_commercial_midvoltage_en.pdf" />
    <text name="Description" originx="0" originy="0" style="Default" rotation="0" justify="" flipped="False" hidden="True" data="Multilayer Ceramic Chip Capacitors, Capacitance=10?F, LxWxT:3.2x2.5x2.5mm" />
    <text name="Mouser Part Number" originx="0" originy="0" style="Default" rotation="0" justify="" flipped="False" hidden="True" data="810-C3225X7R2A106K25" />
    <text name="Mouser Price/Stock" originx="0" originy="0" style="Default" rotation="0" justify="" flipped="False" hidden="True" data="https://www.mouser.co.uk/ProductDetail/TDK/C3225X7R2A106K250AC?qs=rSMjJ%252B1ewcQNu1nTZev8UA%3D%3D" />
    <text name="Manufacturer_Name" originx="0" originy="0" style="Default" rotation="0" justify="" flipped="False" hidden="True" data="TDK" />
    <text name="Manufacturer_Part_Number" originx="350" originy="150" style="Default" rotation="0" justify="left" flipped="False" hidden="False" data="C3225X7R2A106K250AC" />
  </component>
</quadcept_library>
