<?xml version="1.0" encoding="UTF-8" standalone="no" ?>
<Lib xmlns:xsd="http://www.w3.org/2001/XMLSchema" xmlns:xsi="http://www.w3.org/2001/XMLSchema-instance" xsi:noNamespaceSchemaLocation="olb.xsd">

  <Defn name="C:\TEMP\DRV8833PWP.OLB"/>

  <DefaultValues>
    <Defn/>
    <DefaultFont>
      <Defn escapement="0" height="-9" index="0" italic="0" name="Arial" orientation="0" weight="400" width="4"/>
    </DefaultFont>
    <DefaultFont>
      <Defn escapement="0" height="-9" index="1" italic="0" name="Arial" orientation="0" weight="400" width="4"/>
    </DefaultFont>
    <DefaultFont>
      <Defn escapement="0" height="-9" index="2" italic="0" name="Arial" orientation="0" weight="400" width="4"/>
    </DefaultFont>
    <DefaultFont>
      <Defn escapement="0" height="8" index="3" italic="0" name="Arial" orientation="0" weight="400" width="0"/>
    </DefaultFont>
    <DefaultFont>
      <Defn escapement="0" height="8" index="4" italic="0" name="Arial" orientation="0" weight="400" width="0"/>
    </DefaultFont>
    <DefaultFont>
      <Defn escapement="0" height="-9" index="5" italic="0" name="Arial" orientation="0" weight="400" width="4"/>
    </DefaultFont>
    <DefaultFont>
      <Defn escapement="0" height="-9" index="6" italic="0" name="Arial" orientation="0" weight="400" width="4"/>
    </DefaultFont>
    <DefaultFont>
      <Defn escapement="0" height="-9" index="7" italic="0" name="Arial" orientation="0" weight="400" width="4"/>
    </DefaultFont>
    <DefaultFont>
      <Defn escapement="0" height="-9" index="8" italic="0" name="Arial" orientation="0" weight="400" width="4"/>
    </DefaultFont>
    <DefaultFont>
      <Defn escapement="0" height="-9" index="9" italic="0" name="Arial" orientation="0" weight="400" width="4"/>
    </DefaultFont>
    <DefaultFont>
      <Defn escapement="0" height="-9" index="10" italic="0" name="Arial" orientation="0" weight="400" width="4"/>
    </DefaultFont>
    <DefaultFont>
      <Defn escapement="0" height="-9" index="11" italic="0" name="Arial" orientation="0" weight="400" width="4"/>
    </DefaultFont>
    <DefaultFont>
      <Defn escapement="0" height="-9" index="12" italic="0" name="Arial" orientation="0" weight="400" width="4"/>
    </DefaultFont>
    <DefaultFont>
      <Defn escapement="0" height="-9" index="13" italic="0" name="Courier New" orientation="0" weight="400" width="5"/>
    </DefaultFont>
    <DefaultFont>
      <Defn escapement="0" height="-9" index="14" italic="0" name="Arial" orientation="0" weight="400" width="4"/>
    </DefaultFont>
    <DefaultFont>
      <Defn escapement="0" height="-9" index="15" italic="0" name="Arial" orientation="0" weight="400" width="4"/>
    </DefaultFont>
    <DefaultFont>
      <Defn escapement="0" height="-9" index="16" italic="0" name="Arial" orientation="0" weight="400" width="4"/>
    </DefaultFont>
    <DefaultFont>
      <Defn escapement="0" height="8" index="17" italic="0" name="Arial" orientation="0" weight="400" width="0"/>
    </DefaultFont>
    <DefaultFont>
      <Defn escapement="0" height="8" index="18" italic="0" name="Arial" orientation="0" weight="400" width="0"/>
    </DefaultFont>
    <DefaultFont>
      <Defn escapement="0" height="8" index="19" italic="0" name="Arial" orientation="0" weight="400" width="0"/>
    </DefaultFont>
    <DefaultFont>
      <Defn escapement="0" height="8" index="20" italic="0" name="Arial" orientation="0" weight="400" width="0"/>
    </DefaultFont>
    <DefaultFont>
      <Defn escapement="0" height="8" index="21" italic="0" name="Arial" orientation="0" weight="400" width="0"/>
    </DefaultFont>
    <DefaultFont>
      <Defn escapement="0" height="8" index="22" italic="0" name="Arial" orientation="0" weight="400" width="0"/>
    </DefaultFont>
    <DefaultFont>
      <Defn escapement="0" height="8" index="23" italic="0" name="Arial" orientation="0" weight="400" width="0"/>
    </DefaultFont>
    <DefaultPageRec>
      <Defn ANSIGridRefs="1" BorderDisplayed="1" BorderPrinted="1" GridRefDisplayed="1" GridRefPrinted="1" HorizontalLabelCount="5" HorizontalLabelIsAscending="0" HorizontalLabelIsChar="0" HorizontalLabelWidth="100" IsMetric="0" PinToPin="100" TitleBlockDisplayed="1" TitleBlockPrinted="1" VerticalLabelCount="4" VerticalLabelIsAscending="0" VerticalLabelIsChar="1" VerticalLabelWidth="100"/>
    </DefaultPageRec>
    <DefaultPlacedInstIsPrimitive>
      <Defn val="0"/>
    </DefaultPlacedInstIsPrimitive>
    <DefaultDrawnInstIsPrimitive>
      <Defn val="0"/>
    </DefaultDrawnInstIsPrimitive>
    <DefaultPartFieldMapping>
      <Defn index="1" val="1ST PART FIELD"/>
    </DefaultPartFieldMapping>
    <DefaultPartFieldMapping>
      <Defn index="2" val="2ND PART FIELD"/>
    </DefaultPartFieldMapping>
    <DefaultPartFieldMapping>
      <Defn index="3" val="3RD PART FIELD"/>
    </DefaultPartFieldMapping>
    <DefaultPartFieldMapping>
      <Defn index="4" val="4TH PART FIELD"/>
    </DefaultPartFieldMapping>
    <DefaultPartFieldMapping>
      <Defn index="5" val="5TH PART FIELD"/>
    </DefaultPartFieldMapping>
    <DefaultPartFieldMapping>
      <Defn index="6" val="6TH PART FIELD"/>
    </DefaultPartFieldMapping>
    <DefaultPartFieldMapping>
      <Defn index="7" val="7TH PART FIELD"/>
    </DefaultPartFieldMapping>
    <DefaultPartFieldMapping>
      <Defn index="8" val="PCB Footprint"/>
    </DefaultPartFieldMapping>
  </DefaultValues>
  <Package>
    <Defn alphabeticNumbering="2" isHomogeneous="1" name="DRV8833PWP" pcbFootprint="SOP65P640X120-17N" pcbLib="" refdesPrefix="IC"/>
    <LibPart>
      <Defn CellName="DRV8833PWP"/>
      <NormalView>
        <Defn suffix=".Normal"/>
        <SymbolDisplayProp>
          <Defn locX="105" locY="-25" name="Part Reference" rotation="0" textJustification="1"/>
          <PropFont>
            <Defn escapement="0" height="-9" italic="0" name="Arial" orientation="0" weight="400" width="4"/>
          </PropFont>
          <PropColor>
            <Defn val="48"/>
          </PropColor>
          <PropDispType>
            <Defn ValueIfValueExist="0" val="1"/>
          </PropDispType>
        </SymbolDisplayProp>
        <SymbolDisplayProp>
          <Defn locX="105" locY="-15" name="Value" rotation="0" textJustification="1"/>
          <PropFont>
            <Defn escapement="0" height="-9" italic="0" name="Arial" orientation="0" weight="400" width="4"/>
          </PropFont>
          <PropColor>
            <Defn val="48"/>
          </PropColor>
          <PropDispType>
            <Defn ValueIfValueExist="0" val="1"/>
          </PropDispType>
        </SymbolDisplayProp>
        <SymbolUserProp>
          <Defn name="Mouser Part Number" val="595-DRV8833PWP"/>
        </SymbolUserProp>
        <SymbolUserProp>
          <Defn name="Mouser Price/Stock" val="https://www.mouser.co.uk/ProductDetail/Texas-Instruments/DRV8833PWP?qs=luhu8ESwuKyOtvyRUEQSKQ%3D%3D"/>
        </SymbolUserProp>
        <SymbolUserProp>
          <Defn name="Manufacturer_Name" val="Texas Instruments"/>
        </SymbolUserProp>
        <SymbolUserProp>
          <Defn name="Manufacturer_Part_Number" val="DRV8833PWP"/>
        </SymbolUserProp>
        <SymbolUserProp>
          <Defn name="Description" val="2A Low Voltage Dual Brushed DC or Single Bipolar Stepper Motor Driver (PWM Ctrl)"/>
        </SymbolUserProp>
        <SymbolUserProp>
          <Defn name="Datasheet Link" val="https://datasheet.datasheetarchive.com/originals/distributors/Datasheets-SFU2/DSASFU100034615.pdf"/>
        </SymbolUserProp>
        <SymbolUserProp>
          <Defn name="Height" val="1.2 mm"/>
        </SymbolUserProp>
        <SymbolUserProp>
          <Defn name="TJ" val="150"/>
        </SymbolUserProp>
        <SymbolUserProp>
          <Defn name="MTBF" val=""/>
        </SymbolUserProp>
        <SymbolUserProp>
          <Defn name="POWER" val=""/>
        </SymbolUserProp>
        <SymbolUserProp>
          <Defn name="SLOPE" val=""/>
        </SymbolUserProp>
        <SymbolUserProp>
          <Defn name="SUBTYPE" val="DUAL H-BRIDGE MOTOR DRIVER SMD"/>
        </SymbolUserProp>
        <SymbolUserProp>
          <Defn name="PACKAGE" val="HTSSOP-16"/>
        </SymbolUserProp>
        <SymbolUserProp>
          <Defn name="RJA" val="40.5"/>
        </SymbolUserProp>
        <SymbolUserProp>
          <Defn name="VCC_MAX" val="11.8"/>
        </SymbolUserProp>
        <SymbolUserProp>
          <Defn name="VCC_MIN" val="-0.3"/>
        </SymbolUserProp>
        <SymbolUserProp>
          <Defn name="IOUT_MAX" val=""/>
        </SymbolUserProp>
        <SymbolUserProp>
          <Defn name="IOUT_MIN" val=""/>
        </SymbolUserProp>
        <SymbolUserProp>
          <Defn name="ICC" val=""/>
        </SymbolUserProp>
        <SymbolUserProp>
          <Defn name="IGND" val=""/>
        </SymbolUserProp>
        <SymbolUserProp>
          <Defn name="RCA" val=""/>
        </SymbolUserProp>
        <SymbolUserProp>
          <Defn name="RJC" val="32.9"/>
        </SymbolUserProp>
        <SymbolUserProp>
          <Defn name="ICCQ" val=""/>
        </SymbolUserProp>
        <SymbolUserProp>
          <Defn name="TECHNOLOGY" val="NMOS"/>
        </SymbolUserProp>
        <SymbolColor>
          <Defn val="48"/>
        </SymbolColor>
        <SymbolBBox>
          <Defn x1="0" x2="100" y1="0" y2="130"/>
        </SymbolBBox>
        <IsPinNumbersVisible>
          <Defn val="1"/>
        </IsPinNumbersVisible>
        <IsPinNamesRotated>
          <Defn val="1"/>
        </IsPinNamesRotated>
        <IsPinNamesVisible>
          <Defn val="1"/>
        </IsPinNamesVisible>
        <ContentsLibName>
          <Defn name=""/>
        </ContentsLibName>
        <ContentsViewName>
          <Defn name=""/>
        </ContentsViewName>
        <ContentsViewType>
          <Defn type="0"/>
        </ContentsViewType>
        <PartValue>
          <Defn name="DRV8833PWP"/>
        </PartValue>
        <Reference>
          <Defn name="IC"/>
        </Reference>
        <Line>
          <Defn lineStyle="0" lineWidth="0" x1="0" x2="100" y1="0" y2="0"/>
        </Line>
        <Line>
          <Defn lineStyle="0" lineWidth="0" x1="100" x2="100" y1="130" y2="0"/>
        </Line>
        <Line>
          <Defn lineStyle="0" lineWidth="0" x1="100" x2="0" y1="130" y2="130"/>
        </Line>
        <Line>
          <Defn lineStyle="0" lineWidth="0" x1="0" x2="0" y1="0" y2="130"/>
        </Line>
        <SymbolPinScalar>
          <Defn hotptX="-20" hotptY="10" name="NSLEEP" position="0" startX="0" startY="10" type="0" visible="1"/>
          <IsLong>
            <Defn val="0"/>
          </IsLong>
          <IsClock>
            <Defn val="0"/>
          </IsClock>
          <IsDot>
            <Defn val="0"/>
          </IsDot>
          <IsLeftPointing>
            <Defn val="0"/>
          </IsLeftPointing>
          <IsRightPointing>
            <Defn val="0"/>
          </IsRightPointing>
          <IsNetStyle>
            <Defn val="0"/>
          </IsNetStyle>
          <IsNoConnect>
            <Defn val="0"/>
          </IsNoConnect>
          <IsGlobal>
            <Defn val="0"/>
          </IsGlobal>
          <IsNumberVisible>
            <Defn val="1"/>
          </IsNumberVisible>
          <PinUserProp>
            <Defn name="VIH" val="2.5"/>
          </PinUserProp>
          <PinUserProp>
            <Defn name="VIL" val="0.5"/>
          </PinUserProp>
          <PinUserProp>
            <Defn name="PULL_DOWN" val="500k"/>
          </PinUserProp>
        </SymbolPinScalar>
        <SymbolPinScalar>
          <Defn hotptX="-20" hotptY="20" name="AOUT1" position="1" startX="0" startY="20" type="2" visible="1"/>
          <IsLong>
            <Defn val="0"/>
          </IsLong>
          <IsClock>
            <Defn val="0"/>
          </IsClock>
          <IsDot>
            <Defn val="0"/>
          </IsDot>
          <IsLeftPointing>
            <Defn val="0"/>
          </IsLeftPointing>
          <IsRightPointing>
            <Defn val="0"/>
          </IsRightPointing>
          <IsNetStyle>
            <Defn val="0"/>
          </IsNetStyle>
          <IsNoConnect>
            <Defn val="0"/>
          </IsNoConnect>
          <IsGlobal>
            <Defn val="0"/>
          </IsGlobal>
          <IsNumberVisible>
            <Defn val="1"/>
          </IsNumberVisible>
          <PinUserProp>
            <Defn name="TR" val="180n"/>
          </PinUserProp>
          <PinUserProp>
            <Defn name="TF" val="160n"/>
          </PinUserProp>
        </SymbolPinScalar>
        <SymbolPinScalar>
          <Defn hotptX="-20" hotptY="30" name="AISEN" position="2" startX="0" startY="30" type="0" visible="1"/>
          <IsLong>
            <Defn val="0"/>
          </IsLong>
          <IsClock>
            <Defn val="0"/>
          </IsClock>
          <IsDot>
            <Defn val="0"/>
          </IsDot>
          <IsLeftPointing>
            <Defn val="0"/>
          </IsLeftPointing>
          <IsRightPointing>
            <Defn val="0"/>
          </IsRightPointing>
          <IsNetStyle>
            <Defn val="0"/>
          </IsNetStyle>
          <IsNoConnect>
            <Defn val="0"/>
          </IsNoConnect>
          <IsGlobal>
            <Defn val="0"/>
          </IsGlobal>
          <IsNumberVisible>
            <Defn val="1"/>
          </IsNumberVisible>
          <PinUserProp>
            <Defn name="VIH" val="2"/>
          </PinUserProp>
          <PinUserProp>
            <Defn name="VIL" val="0.7"/>
          </PinUserProp>
          <PinUserProp>
            <Defn name="PULL_DOWN" val="150k"/>
          </PinUserProp>
          <PinUserProp>
            <Defn name="VMAX" val="0.5"/>
          </PinUserProp>
          <PinUserProp>
            <Defn name="VMIN" val="-0.3"/>
          </PinUserProp>
        </SymbolPinScalar>
        <SymbolPinScalar>
          <Defn hotptX="-20" hotptY="40" name="AOUT2" position="3" startX="0" startY="40" type="2" visible="1"/>
          <IsLong>
            <Defn val="0"/>
          </IsLong>
          <IsClock>
            <Defn val="0"/>
          </IsClock>
          <IsDot>
            <Defn val="0"/>
          </IsDot>
          <IsLeftPointing>
            <Defn val="0"/>
          </IsLeftPointing>
          <IsRightPointing>
            <Defn val="0"/>
          </IsRightPointing>
          <IsNetStyle>
            <Defn val="0"/>
          </IsNetStyle>
          <IsNoConnect>
            <Defn val="0"/>
          </IsNoConnect>
          <IsGlobal>
            <Defn val="0"/>
          </IsGlobal>
          <IsNumberVisible>
            <Defn val="1"/>
          </IsNumberVisible>
          <PinUserProp>
            <Defn name="TR" val="180n"/>
          </PinUserProp>
          <PinUserProp>
            <Defn name="TF" val="160n"/>
          </PinUserProp>
        </SymbolPinScalar>
        <SymbolPinScalar>
          <Defn hotptX="-20" hotptY="50" name="BOUT2" position="4" startX="0" startY="50" type="2" visible="1"/>
          <IsLong>
            <Defn val="0"/>
          </IsLong>
          <IsClock>
            <Defn val="0"/>
          </IsClock>
          <IsDot>
            <Defn val="0"/>
          </IsDot>
          <IsLeftPointing>
            <Defn val="0"/>
          </IsLeftPointing>
          <IsRightPointing>
            <Defn val="0"/>
          </IsRightPointing>
          <IsNetStyle>
            <Defn val="0"/>
          </IsNetStyle>
          <IsNoConnect>
            <Defn val="0"/>
          </IsNoConnect>
          <IsGlobal>
            <Defn val="0"/>
          </IsGlobal>
          <IsNumberVisible>
            <Defn val="1"/>
          </IsNumberVisible>
          <PinUserProp>
            <Defn name="TR" val="180n"/>
          </PinUserProp>
          <PinUserProp>
            <Defn name="TF" val="160n"/>
          </PinUserProp>
        </SymbolPinScalar>
        <SymbolPinScalar>
          <Defn hotptX="-20" hotptY="60" name="BISEN" position="5" startX="0" startY="60" type="0" visible="1"/>
          <IsLong>
            <Defn val="0"/>
          </IsLong>
          <IsClock>
            <Defn val="0"/>
          </IsClock>
          <IsDot>
            <Defn val="0"/>
          </IsDot>
          <IsLeftPointing>
            <Defn val="0"/>
          </IsLeftPointing>
          <IsRightPointing>
            <Defn val="0"/>
          </IsRightPointing>
          <IsNetStyle>
            <Defn val="0"/>
          </IsNetStyle>
          <IsNoConnect>
            <Defn val="0"/>
          </IsNoConnect>
          <IsGlobal>
            <Defn val="0"/>
          </IsGlobal>
          <IsNumberVisible>
            <Defn val="1"/>
          </IsNumberVisible>
          <PinUserProp>
            <Defn name="VIH" val="2"/>
          </PinUserProp>
          <PinUserProp>
            <Defn name="VIL" val="0.7"/>
          </PinUserProp>
          <PinUserProp>
            <Defn name="PULL_DOWN" val="150k"/>
          </PinUserProp>
          <PinUserProp>
            <Defn name="VMAX" val="0.5"/>
          </PinUserProp>
          <PinUserProp>
            <Defn name="VMIN" val="-0.3"/>
          </PinUserProp>
        </SymbolPinScalar>
        <SymbolPinScalar>
          <Defn hotptX="-20" hotptY="70" name="BOUT1" position="6" startX="0" startY="70" type="2" visible="1"/>
          <IsLong>
            <Defn val="0"/>
          </IsLong>
          <IsClock>
            <Defn val="0"/>
          </IsClock>
          <IsDot>
            <Defn val="0"/>
          </IsDot>
          <IsLeftPointing>
            <Defn val="0"/>
          </IsLeftPointing>
          <IsRightPointing>
            <Defn val="0"/>
          </IsRightPointing>
          <IsNetStyle>
            <Defn val="0"/>
          </IsNetStyle>
          <IsNoConnect>
            <Defn val="0"/>
          </IsNoConnect>
          <IsGlobal>
            <Defn val="0"/>
          </IsGlobal>
          <IsNumberVisible>
            <Defn val="1"/>
          </IsNumberVisible>
          <PinUserProp>
            <Defn name="TR" val="180n"/>
          </PinUserProp>
          <PinUserProp>
            <Defn name="TF" val="160n"/>
          </PinUserProp>
        </SymbolPinScalar>
        <SymbolPinScalar>
          <Defn hotptX="-20" hotptY="80" name="NFAULT" position="7" startX="0" startY="80" type="4" visible="1"/>
          <IsLong>
            <Defn val="0"/>
          </IsLong>
          <IsClock>
            <Defn val="0"/>
          </IsClock>
          <IsDot>
            <Defn val="0"/>
          </IsDot>
          <IsLeftPointing>
            <Defn val="0"/>
          </IsLeftPointing>
          <IsRightPointing>
            <Defn val="0"/>
          </IsRightPointing>
          <IsNetStyle>
            <Defn val="0"/>
          </IsNetStyle>
          <IsNoConnect>
            <Defn val="0"/>
          </IsNoConnect>
          <IsGlobal>
            <Defn val="0"/>
          </IsGlobal>
          <IsNumberVisible>
            <Defn val="1"/>
          </IsNumberVisible>
          <PinUserProp>
            <Defn name="VOL" val="0.5"/>
          </PinUserProp>
        </SymbolPinScalar>
        <SymbolPinScalar>
          <Defn hotptX="50" hotptY="150" name="GND_2" position="8" startX="50" startY="130" type="0" visible="1"/>
          <IsLong>
            <Defn val="0"/>
          </IsLong>
          <IsClock>
            <Defn val="0"/>
          </IsClock>
          <IsDot>
            <Defn val="0"/>
          </IsDot>
          <IsLeftPointing>
            <Defn val="0"/>
          </IsLeftPointing>
          <IsRightPointing>
            <Defn val="0"/>
          </IsRightPointing>
          <IsNetStyle>
            <Defn val="0"/>
          </IsNetStyle>
          <IsNoConnect>
            <Defn val="0"/>
          </IsNoConnect>
          <IsGlobal>
            <Defn val="0"/>
          </IsGlobal>
          <IsNumberVisible>
            <Defn val="1"/>
          </IsNumberVisible>
          <PinUserProp>
            <Defn name="VIH" val="2"/>
          </PinUserProp>
          <PinUserProp>
            <Defn name="VIL" val="0.7"/>
          </PinUserProp>
          <PinUserProp>
            <Defn name="PULL_DOWN" val="150k"/>
          </PinUserProp>
          <PinUserProp>
            <Defn name="VMAX" val="7"/>
          </PinUserProp>
          <PinUserProp>
            <Defn name="VMIN" val="-0.5"/>
          </PinUserProp>
        </SymbolPinScalar>
        <SymbolPinScalar>
          <Defn hotptX="120" hotptY="10" name="AIN1" position="9" startX="100" startY="10" type="0" visible="1"/>
          <IsLong>
            <Defn val="0"/>
          </IsLong>
          <IsClock>
            <Defn val="0"/>
          </IsClock>
          <IsDot>
            <Defn val="0"/>
          </IsDot>
          <IsLeftPointing>
            <Defn val="0"/>
          </IsLeftPointing>
          <IsRightPointing>
            <Defn val="0"/>
          </IsRightPointing>
          <IsNetStyle>
            <Defn val="0"/>
          </IsNetStyle>
          <IsNoConnect>
            <Defn val="0"/>
          </IsNoConnect>
          <IsGlobal>
            <Defn val="0"/>
          </IsGlobal>
          <IsNumberVisible>
            <Defn val="1"/>
          </IsNumberVisible>
          <PinUserProp>
            <Defn name="VIH" val="2"/>
          </PinUserProp>
          <PinUserProp>
            <Defn name="VIL" val="0.7"/>
          </PinUserProp>
          <PinUserProp>
            <Defn name="PULL_DOWN" val="150k"/>
          </PinUserProp>
          <PinUserProp>
            <Defn name="VMAX" val="7"/>
          </PinUserProp>
          <PinUserProp>
            <Defn name="VMIN" val="-0.5"/>
          </PinUserProp>
        </SymbolPinScalar>
        <SymbolPinScalar>
          <Defn hotptX="120" hotptY="20" name="AIN2" position="10" startX="100" startY="20" type="4" visible="1"/>
          <IsLong>
            <Defn val="0"/>
          </IsLong>
          <IsClock>
            <Defn val="0"/>
          </IsClock>
          <IsDot>
            <Defn val="0"/>
          </IsDot>
          <IsLeftPointing>
            <Defn val="0"/>
          </IsLeftPointing>
          <IsRightPointing>
            <Defn val="0"/>
          </IsRightPointing>
          <IsNetStyle>
            <Defn val="0"/>
          </IsNetStyle>
          <IsNoConnect>
            <Defn val="0"/>
          </IsNoConnect>
          <IsGlobal>
            <Defn val="0"/>
          </IsGlobal>
          <IsNumberVisible>
            <Defn val="1"/>
          </IsNumberVisible>
        </SymbolPinScalar>
        <SymbolPinScalar>
          <Defn hotptX="120" hotptY="30" name="VINT" position="11" startX="100" startY="30" type="7" visible="1"/>
          <IsLong>
            <Defn val="0"/>
          </IsLong>
          <IsClock>
            <Defn val="0"/>
          </IsClock>
          <IsDot>
            <Defn val="0"/>
          </IsDot>
          <IsLeftPointing>
            <Defn val="0"/>
          </IsLeftPointing>
          <IsRightPointing>
            <Defn val="0"/>
          </IsRightPointing>
          <IsNetStyle>
            <Defn val="0"/>
          </IsNetStyle>
          <IsNoConnect>
            <Defn val="0"/>
          </IsNoConnect>
          <IsGlobal>
            <Defn val="0"/>
          </IsGlobal>
          <IsNumberVisible>
            <Defn val="1"/>
          </IsNumberVisible>
        </SymbolPinScalar>
        <SymbolPinScalar>
          <Defn hotptX="120" hotptY="40" name="GND_1" position="12" startX="100" startY="40" type="7" visible="1"/>
          <IsLong>
            <Defn val="0"/>
          </IsLong>
          <IsClock>
            <Defn val="0"/>
          </IsClock>
          <IsDot>
            <Defn val="0"/>
          </IsDot>
          <IsLeftPointing>
            <Defn val="0"/>
          </IsLeftPointing>
          <IsRightPointing>
            <Defn val="0"/>
          </IsRightPointing>
          <IsNetStyle>
            <Defn val="0"/>
          </IsNetStyle>
          <IsNoConnect>
            <Defn val="0"/>
          </IsNoConnect>
          <IsGlobal>
            <Defn val="0"/>
          </IsGlobal>
          <IsNumberVisible>
            <Defn val="1"/>
          </IsNumberVisible>
        </SymbolPinScalar>
        <SymbolPinScalar>
          <Defn hotptX="120" hotptY="50" name="VM" position="13" startX="100" startY="50" type="7" visible="1"/>
          <IsLong>
            <Defn val="0"/>
          </IsLong>
          <IsClock>
            <Defn val="0"/>
          </IsClock>
          <IsDot>
            <Defn val="0"/>
          </IsDot>
          <IsLeftPointing>
            <Defn val="0"/>
          </IsLeftPointing>
          <IsRightPointing>
            <Defn val="0"/>
          </IsRightPointing>
          <IsNetStyle>
            <Defn val="0"/>
          </IsNetStyle>
          <IsNoConnect>
            <Defn val="0"/>
          </IsNoConnect>
          <IsGlobal>
            <Defn val="0"/>
          </IsGlobal>
          <IsNumberVisible>
            <Defn val="1"/>
          </IsNumberVisible>
        </SymbolPinScalar>
        <SymbolPinScalar>
          <Defn hotptX="120" hotptY="60" name="VCP" position="14" startX="100" startY="60" type="0" visible="1"/>
          <IsLong>
            <Defn val="0"/>
          </IsLong>
          <IsClock>
            <Defn val="0"/>
          </IsClock>
          <IsDot>
            <Defn val="0"/>
          </IsDot>
          <IsLeftPointing>
            <Defn val="0"/>
          </IsLeftPointing>
          <IsRightPointing>
            <Defn val="0"/>
          </IsRightPointing>
          <IsNetStyle>
            <Defn val="0"/>
          </IsNetStyle>
          <IsNoConnect>
            <Defn val="0"/>
          </IsNoConnect>
          <IsGlobal>
            <Defn val="0"/>
          </IsGlobal>
          <IsNumberVisible>
            <Defn val="1"/>
          </IsNumberVisible>
          <PinUserProp>
            <Defn name="VIH" val="2"/>
          </PinUserProp>
          <PinUserProp>
            <Defn name="VIL" val="0.7"/>
          </PinUserProp>
          <PinUserProp>
            <Defn name="PULL_DOWN" val="150k"/>
          </PinUserProp>
          <PinUserProp>
            <Defn name="VMAX" val="7"/>
          </PinUserProp>
          <PinUserProp>
            <Defn name="VMIN" val="-0.5"/>
          </PinUserProp>
        </SymbolPinScalar>
        <SymbolPinScalar>
          <Defn hotptX="120" hotptY="70" name="BIN2" position="15" startX="100" startY="70" type="0" visible="1"/>
          <IsLong>
            <Defn val="0"/>
          </IsLong>
          <IsClock>
            <Defn val="0"/>
          </IsClock>
          <IsDot>
            <Defn val="0"/>
          </IsDot>
          <IsLeftPointing>
            <Defn val="0"/>
          </IsLeftPointing>
          <IsRightPointing>
            <Defn val="0"/>
          </IsRightPointing>
          <IsNetStyle>
            <Defn val="0"/>
          </IsNetStyle>
          <IsNoConnect>
            <Defn val="0"/>
          </IsNoConnect>
          <IsGlobal>
            <Defn val="0"/>
          </IsGlobal>
          <IsNumberVisible>
            <Defn val="1"/>
          </IsNumberVisible>
          <PinUserProp>
            <Defn name="VIH" val="2"/>
          </PinUserProp>
          <PinUserProp>
            <Defn name="VIL" val="0.7"/>
          </PinUserProp>
          <PinUserProp>
            <Defn name="PULL_DOWN" val="150k"/>
          </PinUserProp>
          <PinUserProp>
            <Defn name="VMAX" val="7"/>
          </PinUserProp>
          <PinUserProp>
            <Defn name="VMIN" val="-0.5"/>
          </PinUserProp>
        </SymbolPinScalar>
        <SymbolPinScalar>
          <Defn hotptX="120" hotptY="80" name="BIN1" position="16" startX="100" startY="80" type="4" visible="1"/>
          <IsLong>
            <Defn val="0"/>
          </IsLong>
          <IsClock>
            <Defn val="0"/>
          </IsClock>
          <IsDot>
            <Defn val="0"/>
          </IsDot>
          <IsLeftPointing>
            <Defn val="0"/>
          </IsLeftPointing>
          <IsRightPointing>
            <Defn val="0"/>
          </IsRightPointing>
          <IsNetStyle>
            <Defn val="0"/>
          </IsNetStyle>
          <IsNoConnect>
            <Defn val="0"/>
          </IsNoConnect>
          <IsGlobal>
            <Defn val="0"/>
          </IsGlobal>
          <IsNumberVisible>
            <Defn val="1"/>
          </IsNumberVisible>
          <PinUserProp>
            <Defn name="VIH" val="2"/>
          </PinUserProp>
          <PinUserProp>
            <Defn name="VIL" val="0.7"/>
          </PinUserProp>
          <PinUserProp>
            <Defn name="PULL_DOWN" val="150k"/>
          </PinUserProp>
          <PinUserProp>
            <Defn name="VMAX" val="7"/>
          </PinUserProp>
          <PinUserProp>
            <Defn name="VMIN" val="-0.5"/>
          </PinUserProp>
        </SymbolPinScalar>
      </NormalView>
      <PhysicalPart>
        <Defn/>
        <PinNumber>
          <Defn number="1" position="0"/>
        </PinNumber>
        <PinNumber>
          <Defn number="2" position="1"/>
        </PinNumber>
        <PinNumber>
          <Defn number="3" position="2"/>
        </PinNumber>
        <PinNumber>
          <Defn number="4" position="3"/>
        </PinNumber>
        <PinNumber>
          <Defn number="5" position="4"/>
        </PinNumber>
        <PinNumber>
          <Defn number="6" position="5"/>
        </PinNumber>
        <PinNumber>
          <Defn number="7" position="6"/>
        </PinNumber>
        <PinNumber>
          <Defn number="8" position="7"/>
        </PinNumber>
        <PinNumber>
          <Defn number="17" position="8"/>
        </PinNumber>
        <PinNumber>
          <Defn number="16" position="9"/>
        </PinNumber>
        <PinNumber>
          <Defn number="15" position="10"/>
        </PinNumber>
        <PinNumber>
          <Defn number="14" position="11"/>
        </PinNumber>
        <PinNumber>
          <Defn number="13" position="12"/>
        </PinNumber>
        <PinNumber>
          <Defn number="12" position="13"/>
        </PinNumber>
        <PinNumber>
          <Defn number="11" position="14"/>
        </PinNumber>
        <PinNumber>
          <Defn number="10" position="15"/>
        </PinNumber>
        <PinNumber>
          <Defn number="9" position="16"/>
        </PinNumber>
      </PhysicalPart>
    </LibPart>
  </Package>

</Lib>
