<?xml version="1.0" encoding="utf-8"?>
<!--/3725394/1207749/2.50/3/4/Integrated Circuit/-->
<quadcept_library>
  <setting unit="mil" />
  <textstyle name="Default" height="47.244094488189" strokewidth="7.8740157480315" charwidth="47.244094488189" />
  <textstyle name="Dimension" height="19.6850393700787" strokewidth="0" charwidth="19.6850393700787" />
  <textstyle name="H127W0635TH00762" height="50" strokewidth="3" charwidth="25" />
  <textstyle name="H15W15TH02" height="59.0551181102362" strokewidth="7.8740157480315" charwidth="59.0551181102362" />
  <padstyle name="c474_h316" surface="False" plated="True" isvia="False" nopaste="True" nomask="True" complex="False" holesize="124.4094488189">
    <padshape layer="TOP" shape="round" width="186.61417322834" height="186.61417322834" />
    <padshape layer="TOP_SOLDER_MASK" shape="round" width="194.48818897638" height="194.48818897638" />
    <padshape layer="INNER" shape="round" width="186.61417322834" height="186.61417322834" />
    <padshape layer="BOTTOM" shape="round" width="186.61417322834" height="186.61417322834" />
    <padshape layer="BOTTOM_SOLDER_MASK" shape="round" width="194.48818897638" height="194.48818897638" />
  </padstyle>
  <padstyle name="c546_h364" surface="False" plated="True" isvia="False" nopaste="True" nomask="True" complex="False" holesize="143.30708661417">
    <padshape layer="TOP" shape="round" width="214.96062992126" height="214.96062992126" />
    <padshape layer="TOP_SOLDER_MASK" shape="round" width="222.83464566929" height="222.83464566929" />
    <padshape layer="INNER" shape="round" width="214.96062992126" height="214.96062992126" />
    <padshape layer="BOTTOM" shape="round" width="214.96062992126" height="214.96062992126" />
    <padshape layer="BOTTOM_SOLDER_MASK" shape="round" width="222.83464566929" height="222.83464566929" />
  </padstyle>
  <footprint name="PJ002A" originx="0" originy="0" pickpointx="0" pickpointy="0">
    <pcbpin number="1" name="1" style="c546_h364" originx="0" originy="0" rotation="90" />
    <pcbpin number="2" name="2" style="c474_h316" originx="-236.22047244094" originy="0" rotation="90" />
    <pcbpin number="3" name="3" style="c474_h316" originx="-118.11023622047" originy="-185.03937007874" rotation="90" />
    <line layer="TOP_ASSEMBLY" originx="-527.5590551181" originy="169.29133858268" endx="39.370078740157" endy="169.29133858268" width="7.8740157480314" />
    <line layer="TOP_ASSEMBLY" originx="39.370078740157" originy="169.29133858268" endx="39.370078740157" endy="-185.03937007874" width="7.8740157480314" />
    <line layer="TOP_ASSEMBLY" originx="39.370078740157" originy="-185.03937007874" endx="-527.5590551181" endy="-185.03937007874" width="7.8740157480314" />
    <line layer="TOP_ASSEMBLY" originx="-527.5590551181" originy="-185.03937007874" endx="-527.5590551181" endy="169.29133858268" width="7.8740157480314" />
    <line layer="TOP_PLACE_BOUND" originx="-566.92913385826" originy="208.66141732283" endx="159.44881889764" endy="208.66141732283" width="3.9370078740157" />
    <line layer="TOP_PLACE_BOUND" originx="159.44881889764" originy="208.66141732283" endx="159.44881889764" endy="-317.71653543307" width="3.9370078740157" />
    <line layer="TOP_PLACE_BOUND" originx="159.44881889764" originy="-317.71653543307" endx="-566.92913385826" endy="-317.71653543307" width="3.9370078740157" />
    <line layer="TOP_PLACE_BOUND" originx="-566.92913385826" originy="-317.71653543307" endx="-566.92913385826" endy="208.66141732283" width="3.9370078740157" />
    <line layer="TOP_SILKSCREEN" originx="-318.11023622047" originy="-185.03937007874" endx="-527.5590551181" endy="-185.03937007874" width="3.9370078740157" />
    <line layer="TOP_SILKSCREEN" originx="-527.5590551181" originy="-185.03937007874" endx="-527.5590551181" endy="169.29133858268" width="3.9370078740157" />
    <line layer="TOP_SILKSCREEN" originx="-527.5590551181" originy="169.29133858268" endx="39.370078740157" endy="169.29133858268" width="3.9370078740157" />
    <line layer="TOP_SILKSCREEN" originx="118.11023622047" originy="86.614173228345" endx="118.11023622047" endy="86.614173228345" width="3.9370078740157" />
    <arc layer="TOP_SILKSCREEN" originx="118.11023622047" originy="88.582677165353" startangle="-90.0" sweepangle="180.0" radius="1.9685039370078" width="3.9370078740157" />
    <line layer="TOP_SILKSCREEN" originx="118.11023622047" originy="90.551181102361" endx="118.11023622047" endy="90.551181102361" width="3.9370078740157" />
    <arc layer="TOP_SILKSCREEN" originx="118.11023622047" originy="88.582677165353" startangle="90.0" sweepangle="180.0" radius="1.9685039370078" width="3.9370078740157" />
  </footprint>
  <symbol name="PJ-002A" originx="0" originy="0">
    <line originx="200" originy="100" endx="600" endy="100" width="0" />
    <line originx="600" originy="-200" endx="600" endy="100" width="0" />
    <line originx="600" originy="-200" endx="200" endy="-200" width="0" />
    <line originx="200" originy="100" endx="200" endy="-200" width="0" />
    <sympin number="1" originx="600" originy="-100" rotation="0" length="100" width="7.8740157480315" flipped="False">
      <text name="pinname" originx="570" originy="-100" style="Default" rotation="0" justify="right" flipped="False" hidden="False" data="1" />
      <text name="pindes" originx="660" originy="-80" style="Default" rotation="0" justify="lowerleft" flipped="False" hidden="False" data="1" />
    </sympin>
    <sympin number="2" originx="600" originy="0" rotation="0" length="100" width="7.8740157480315" flipped="False">
      <text name="pinname" originx="570" originy="0" style="Default" rotation="0" justify="right" flipped="False" hidden="False" data="2" />
      <text name="pindes" originx="660" originy="20" style="Default" rotation="0" justify="lowerleft" flipped="False" hidden="False" data="2" />
    </sympin>
    <sympin number="3" originx="200" originy="0" rotation="180" length="100" width="7.8740157480315" flipped="False">
      <text name="pinname" originx="230" originy="0" style="Default" rotation="0" justify="left" flipped="False" hidden="False" data="3" />
      <text name="pindes" originx="140" originy="20" style="Default" rotation="0" justify="lowerright" flipped="False" hidden="False" data="3" />
    </sympin>
  </symbol>
  <component name="PJ-002A" designatorprefix="IC" height="433.07086614173" footprint="PJ002A">
    <comppin designator="1" sympin="1" pinswap="0" gateswap="0" gate="1" group="1" side="" type="Any" name="1" />
    <comppin designator="2" sympin="2" pinswap="0" gateswap="0" gate="1" group="1" side="" type="Any" name="2" />
    <comppin designator="3" sympin="3" pinswap="0" gateswap="0" gate="1" group="1" side="" type="Any" name="3" />
    <attached_symbol gate="1" name="PJ-002A" />
    <pinmap designator="1" footprintpin="1" />
    <pinmap designator="2" footprintpin="2" />
    <pinmap designator="3" footprintpin="3" />
    <text name="Datasheet" originx="0" originy="0" style="Default" rotation="0" justify="" flipped="False" hidden="True" data="https://www.cui.com/product/resource/digikeypdf/pj-002a.pdf" />
    <text name="Description" originx="0" originy="0" style="Default" rotation="0" justify="" flipped="False" hidden="True" data="CONN PWR JACK 2X5.5MM SOLDER" />
    <text name="Mouser Part Number" originx="0" originy="0" style="Default" rotation="0" justify="" flipped="False" hidden="True" data="490-PJ-002A" />
    <text name="Mouser Price/Stock" originx="0" originy="0" style="Default" rotation="0" justify="" flipped="False" hidden="True" data="https://www.mouser.co.uk/ProductDetail/CUI-Devices/PJ-002A?qs=WyjlAZoYn51CKfAix9Mngw%3D%3D" />
    <text name="Manufacturer_Name" originx="0" originy="0" style="Default" rotation="0" justify="" flipped="False" hidden="True" data="CUI Devices" />
    <text name="Manufacturer_Part_Number" originx="650" originy="200" style="Default" rotation="0" justify="left" flipped="False" hidden="False" data="PJ-002A" />
  </component>
</quadcept_library>
