<?xml version="1.0" encoding="utf-8"?>
<!--/18405322/1207749/2.50/9/3/Integrated Circuit/-->
<quadcept_library>
  <setting unit="mil" />
  <textstyle name="Default" height="47.244094488189" strokewidth="7.8740157480315" charwidth="47.244094488189" />
  <textstyle name="Dimension" height="19.6850393700787" strokewidth="0" charwidth="19.6850393700787" />
  <textstyle name="H127W0635TH00762" height="50" strokewidth="3" charwidth="25" />
  <textstyle name="H15W15TH02" height="59.0551181102362" strokewidth="7.8740157480315" charwidth="59.0551181102362" />
  <padstyle name="r85_30" surface="True" plated="False" isvia="False" nopaste="False" nomask="True" complex="False" holesize="0">
    <padshape layer="TOP" shape="rectangle" width="11.811023622047" height="33.464566929133" />
    <padshape layer="TOP_SOLDER_PASTE" shape="rectangle" width="11.811023622047" height="33.464566929133" />
    <padshape layer="TOP_SOLDER_MASK" shape="rectangle" width="19.685039370078" height="41.338582677165" />
  </padstyle>
  <padstyle name="r195_98" surface="True" plated="False" isvia="False" nopaste="False" nomask="True" complex="False" holesize="0">
    <padshape layer="TOP" shape="rectangle" width="38.582677165354" height="76.771653543306" />
    <padshape layer="TOP_SOLDER_MASK" shape="rectangle" width="46.456692913385" height="84.645669291338" />
    <padshape layer="TOP_SOLDER_PASTE" shape="rectangle" width="38.582677165354" height="76.771653543306" />
  </padstyle>
  <footprint name="SON50P250X250X80-9N" originx="0" originy="0" pickpointx="0" pickpointy="0">
    <pcbpin number="1" name="1" style="r85_30" originx="-47.244094488188" originy="29.527559055118" rotation="90" />
    <pcbpin number="2" name="2" style="r85_30" originx="-47.244094488188" originy="9.8425196850392" rotation="90" />
    <pcbpin number="3" name="3" style="r85_30" originx="-47.244094488188" originy="-9.8425196850392" rotation="90" />
    <pcbpin number="4" name="4" style="r85_30" originx="-47.244094488188" originy="-29.527559055118" rotation="90" />
    <pcbpin number="5" name="5" style="r85_30" originx="47.244094488188" originy="-29.527559055118" rotation="90" />
    <pcbpin number="6" name="6" style="r85_30" originx="47.244094488188" originy="-9.8425196850392" rotation="90" />
    <pcbpin number="7" name="7" style="r85_30" originx="47.244094488188" originy="9.8425196850392" rotation="90" />
    <pcbpin number="8" name="8" style="r85_30" originx="47.244094488188" originy="29.527559055118" rotation="90" />
    <pcbpin number="9" name="9" style="r195_98" originx="0" originy="0" rotation="0" />
    <line layer="TOP_PLACE_BOUND" originx="-73.818897637794" originy="61.023622047243" endx="73.818897637794" endy="61.023622047243" width="1.9685039370079" />
    <line layer="TOP_PLACE_BOUND" originx="73.818897637794" originy="61.023622047243" endx="73.818897637794" endy="-61.023622047243" width="1.9685039370079" />
    <line layer="TOP_PLACE_BOUND" originx="73.818897637794" originy="-61.023622047243" endx="-73.818897637794" endy="-61.023622047243" width="1.9685039370079" />
    <line layer="TOP_PLACE_BOUND" originx="-73.818897637794" originy="-61.023622047243" endx="-73.818897637794" endy="61.023622047243" width="1.9685039370079" />
    <line layer="TOP_ASSEMBLY" originx="-49.212598425196" originy="49.212598425196" endx="49.212598425196" endy="49.212598425196" width="3.9370078740157" />
    <line layer="TOP_ASSEMBLY" originx="49.212598425196" originy="49.212598425196" endx="49.212598425196" endy="-49.212598425196" width="3.9370078740157" />
    <line layer="TOP_ASSEMBLY" originx="49.212598425196" originy="-49.212598425196" endx="-49.212598425196" endy="-49.212598425196" width="3.9370078740157" />
    <line layer="TOP_ASSEMBLY" originx="-49.212598425196" originy="-49.212598425196" endx="-49.212598425196" endy="49.212598425196" width="3.9370078740157" />
    <line layer="TOP_ASSEMBLY" originx="-49.212598425196" originy="24.606299212598" endx="-24.606299212598" endy="49.212598425196" width="3.9370078740157" />
    <arc layer="TOP_SILKSCREEN" originx="-63.976377952755" originy="55.11811023622" startangle="180" sweepangle="180" radius="4.9212598425196" width="9.8425196850392" />
    <arc layer="TOP_SILKSCREEN" originx="-63.976377952755" originy="55.11811023622" startangle="180" sweepangle="-180" radius="4.9212598425196" width="9.8425196850392" />
  </footprint>
  <symbol name="TMP1826NGRR" originx="0" originy="0">
    <line originx="200" originy="100" endx="1200" endy="100" width="0" />
    <line originx="1200" originy="-600" endx="1200" endy="100" width="0" />
    <line originx="1200" originy="-600" endx="200" endy="-600" width="0" />
    <line originx="200" originy="100" endx="200" endy="-600" width="0" />
    <sympin number="1" originx="200" originy="0" rotation="180" length="100" width="7.8740157480315" flipped="False">
      <text name="pinname" originx="230" originy="0" style="Default" rotation="0" justify="left" flipped="False" hidden="False" data="VDD" />
      <text name="pindes" originx="140" originy="20" style="Default" rotation="0" justify="lowerright" flipped="False" hidden="False" data="1" />
    </sympin>
    <sympin number="2" originx="200" originy="-100" rotation="180" length="100" width="7.8740157480315" flipped="False">
      <text name="pinname" originx="230" originy="-100" style="Default" rotation="0" justify="left" flipped="False" hidden="False" data="SDQ" />
      <text name="pindes" originx="140" originy="-80" style="Default" rotation="0" justify="lowerright" flipped="False" hidden="False" data="2" />
    </sympin>
    <sympin number="3" originx="200" originy="-200" rotation="180" length="100" width="7.8740157480315" flipped="False">
      <text name="pinname" originx="230" originy="-200" style="Default" rotation="0" justify="left" flipped="False" hidden="False" data="ADDR" />
      <text name="pindes" originx="140" originy="-180" style="Default" rotation="0" justify="lowerright" flipped="False" hidden="False" data="3" />
    </sympin>
    <sympin number="4" originx="200" originy="-300" rotation="180" length="100" width="7.8740157480315" flipped="False">
      <text name="pinname" originx="230" originy="-300" style="Default" rotation="0" justify="left" flipped="False" hidden="False" data="GND" />
      <text name="pindes" originx="140" originy="-280" style="Default" rotation="0" justify="lowerright" flipped="False" hidden="False" data="4" />
    </sympin>
    <sympin number="9" originx="700" originy="-600" rotation="270" length="100" width="7.8740157480315" flipped="False">
      <text name="pinname" originx="700" originy="-570" style="Default" rotation="0" justify="left" flipped="False" hidden="False" data="EP" />
      <text name="pindes" originx="680" originy="-660" style="Default" rotation="0" justify="lowerright" flipped="False" hidden="False" data="9" />
    </sympin>
    <sympin number="8" originx="1200" originy="0" rotation="0" length="100" width="7.8740157480315" flipped="False">
      <text name="pinname" originx="1170" originy="0" style="Default" rotation="0" justify="right" flipped="False" hidden="False" data="IO2/\ALERT" />
      <text name="pindes" originx="1260" originy="20" style="Default" rotation="0" justify="lowerleft" flipped="False" hidden="False" data="8" />
    </sympin>
    <sympin number="7" originx="1200" originy="-100" rotation="0" length="100" width="7.8740157480315" flipped="False">
      <text name="pinname" originx="1170" originy="-100" style="Default" rotation="0" justify="right" flipped="False" hidden="False" data="IO1" />
      <text name="pindes" originx="1260" originy="-80" style="Default" rotation="0" justify="lowerleft" flipped="False" hidden="False" data="7" />
    </sympin>
    <sympin number="6" originx="1200" originy="-200" rotation="0" length="100" width="7.8740157480315" flipped="False">
      <text name="pinname" originx="1170" originy="-200" style="Default" rotation="0" justify="right" flipped="False" hidden="False" data="IO0" />
      <text name="pindes" originx="1260" originy="-180" style="Default" rotation="0" justify="lowerleft" flipped="False" hidden="False" data="6" />
    </sympin>
    <sympin number="5" originx="1200" originy="-300" rotation="0" length="100" width="7.8740157480315" flipped="False">
      <text name="pinname" originx="1170" originy="-300" style="Default" rotation="0" justify="right" flipped="False" hidden="False" data="IO3" />
      <text name="pindes" originx="1260" originy="-280" style="Default" rotation="0" justify="lowerleft" flipped="False" hidden="False" data="5" />
    </sympin>
  </symbol>
  <component name="TMP1826NGRR" designatorprefix="IC" height="31.496062992126" footprint="SON50P250X250X80-9N">
    <comppin designator="1" sympin="1" pinswap="0" gateswap="0" gate="1" group="1" side="" type="Any" name="VDD" />
    <comppin designator="2" sympin="2" pinswap="0" gateswap="0" gate="1" group="1" side="" type="Any" name="SDQ" />
    <comppin designator="3" sympin="3" pinswap="0" gateswap="0" gate="1" group="1" side="" type="Any" name="ADDR" />
    <comppin designator="4" sympin="4" pinswap="0" gateswap="0" gate="1" group="1" side="" type="Any" name="GND" />
    <comppin designator="5" sympin="5" pinswap="0" gateswap="0" gate="1" group="1" side="" type="Any" name="IO3" />
    <comppin designator="6" sympin="6" pinswap="0" gateswap="0" gate="1" group="1" side="" type="Any" name="IO0" />
    <comppin designator="7" sympin="7" pinswap="0" gateswap="0" gate="1" group="1" side="" type="Any" name="IO1" />
    <comppin designator="8" sympin="8" pinswap="0" gateswap="0" gate="1" group="1" side="" type="Any" name="IO2/|ALERT" />
    <comppin designator="9" sympin="9" pinswap="0" gateswap="0" gate="1" group="1" side="" type="Any" name="EP" />
    <attached_symbol gate="1" name="TMP1826NGRR" />
    <pinmap designator="1" footprintpin="1" />
    <pinmap designator="2" footprintpin="2" />
    <pinmap designator="3" footprintpin="3" />
    <pinmap designator="4" footprintpin="4" />
    <pinmap designator="5" footprintpin="5" />
    <pinmap designator="6" footprintpin="6" />
    <pinmap designator="7" footprintpin="7" />
    <pinmap designator="8" footprintpin="8" />
    <pinmap designator="9" footprintpin="9" />
    <text name="Datasheet" originx="0" originy="0" style="Default" rotation="0" justify="" flipped="False" hidden="True" data="" />
    <text name="Description" originx="0" originy="0" style="Default" rotation="0" justify="" flipped="False" hidden="True" data="Board Mount Temperature Sensors 1-Wire +/-0.2C accurate digital temperature sensor with 2-kbit EEPROM" />
    <text name="Mouser Part Number" originx="0" originy="0" style="Default" rotation="0" justify="" flipped="False" hidden="True" data="595-TMP1826NGRR" />
    <text name="Mouser Price/Stock" originx="0" originy="0" style="Default" rotation="0" justify="" flipped="False" hidden="True" data="https://www.mouser.co.uk/ProductDetail/Texas-Instruments/TMP1826NGRR?qs=11PymoJGorLoOZ7sctxtgw%3D%3D" />
    <text name="Manufacturer_Name" originx="0" originy="0" style="Default" rotation="0" justify="" flipped="False" hidden="True" data="Texas Instruments" />
    <text name="Manufacturer_Part_Number" originx="1250" originy="200" style="Default" rotation="0" justify="left" flipped="False" hidden="False" data="TMP1826NGRR" />
  </component>
</quadcept_library>
