<?xml version="1.0" encoding="utf-8"?>
<!--/1004428/1207749/2.50/2/3/Diode/-->
<quadcept_library>
  <setting unit="mil" />
  <textstyle name="Default" height="47.244094488189" strokewidth="7.8740157480315" charwidth="47.244094488189" />
  <textstyle name="Dimension" height="19.6850393700787" strokewidth="0" charwidth="19.6850393700787" />
  <textstyle name="H127W0635TH00762" height="50" strokewidth="3" charwidth="25" />
  <textstyle name="H15W15TH02" height="59.0551181102362" strokewidth="7.8740157480315" charwidth="59.0551181102362" />
  <padstyle name="c115_h75" surface="False" plated="True" isvia="False" nopaste="True" nomask="True" complex="False" holesize="29.527559055118">
    <padshape layer="TOP" shape="round" width="45.275590551181" height="45.275590551181" />
    <padshape layer="TOP_SOLDER_MASK" shape="round" width="53.149606299212" height="53.149606299212" />
    <padshape layer="INNER" shape="round" width="45.275590551181" height="45.275590551181" />
    <padshape layer="BOTTOM" shape="round" width="45.275590551181" height="45.275590551181" />
    <padshape layer="BOTTOM_SOLDER_MASK" shape="round" width="53.149606299212" height="53.149606299212" />
  </padstyle>
  <padstyle name="s115_h75" surface="False" plated="True" isvia="False" nopaste="True" nomask="True" complex="False" holesize="29.527559055118">
    <padshape layer="TOP" shape="square" width="45.275590551181" height="45.275590551181" />
    <padshape layer="TOP_SOLDER_MASK" shape="square" width="53.149606299212" height="53.149606299212" />
    <padshape layer="INNER" shape="round" width="45.275590551181" height="45.275590551181" />
    <padshape layer="BOTTOM" shape="square" width="45.275590551181" height="45.275590551181" />
    <padshape layer="BOTTOM_SOLDER_MASK" shape="square" width="53.149606299212" height="53.149606299212" />
  </padstyle>
  <footprint name="DIOAD1068W53L380D172" originx="0" originy="0" pickpointx="0" pickpointy="0">
    <pcbpin number="1" name="1" style="s115_h75" originx="0" originy="0" rotation="90" />
    <pcbpin number="2" name="2" style="c115_h75" originx="421.25984251968" originy="0" rotation="90" />
    <line layer="TOP_PLACE_BOUND" originx="-32.48031496063" originy="47.63779527559" endx="453.74015748031" endy="47.63779527559" width="1.9685039370079" />
    <line layer="TOP_PLACE_BOUND" originx="453.74015748031" originy="47.63779527559" endx="453.74015748031" endy="-47.63779527559" width="1.9685039370079" />
    <line layer="TOP_PLACE_BOUND" originx="453.74015748031" originy="-47.63779527559" endx="-32.48031496063" endy="-47.63779527559" width="1.9685039370079" />
    <line layer="TOP_PLACE_BOUND" originx="-32.48031496063" originy="-47.63779527559" endx="-32.48031496063" endy="47.63779527559" width="1.9685039370079" />
    <line layer="TOP_ASSEMBLY" originx="135.74803149606" originy="33.858267716535" endx="285.55118110236" endy="33.858267716535" width="3.9370078740157" />
    <line layer="TOP_ASSEMBLY" originx="285.55118110236" originy="33.858267716535" endx="285.55118110236" endy="-33.858267716535" width="3.9370078740157" />
    <line layer="TOP_ASSEMBLY" originx="285.55118110236" originy="-33.858267716535" endx="135.74803149606" endy="-33.858267716535" width="3.9370078740157" />
    <line layer="TOP_ASSEMBLY" originx="135.74803149606" originy="-33.858267716535" endx="135.74803149606" endy="33.858267716535" width="3.9370078740157" />
    <line layer="TOP_ASSEMBLY" originx="135.74803149606" originy="0" endx="169.6062992126" endy="33.858267716535" width="3.9370078740157" />
    <line layer="TOP_ASSEMBLY" originx="0" originy="0" endx="135.74803149606" endy="0" width="3.9370078740157" />
    <line layer="TOP_ASSEMBLY" originx="285.51181102362" originy="0" endx="421.25984251968" endy="0" width="3.9370078740157" />
    <line layer="TOP_SILKSCREEN" originx="135.74803149606" originy="33.858267716535" endx="285.51181102362" endy="33.858267716535" width="7.8740157480314" />
    <line layer="TOP_SILKSCREEN" originx="285.51181102362" originy="33.858267716535" endx="285.51181102362" endy="-33.858267716535" width="7.8740157480314" />
    <line layer="TOP_SILKSCREEN" originx="285.51181102362" originy="-33.858267716535" endx="135.74803149606" endy="-33.858267716535" width="7.8740157480314" />
    <line layer="TOP_SILKSCREEN" originx="135.74803149606" originy="-33.858267716535" endx="135.74803149606" endy="33.858267716535" width="7.8740157480314" />
    <line layer="TOP_SILKSCREEN" originx="135.74803149606" originy="0" endx="169.6062992126" endy="33.858267716535" width="7.8740157480314" />
    <line layer="TOP_SILKSCREEN" originx="36.417322834645" originy="0" endx="135.74803149606" endy="0" width="7.8740157480314" />
    <line layer="TOP_SILKSCREEN" originx="285.51181102362" originy="0" endx="384.84251968503" endy="0" width="7.8740157480314" />
  </footprint>
  <symbol name="1N4148" originx="0" originy="0">
    <line originx="200" originy="100" endx="200" endy="-100" width="0" />
    <line originx="100" originy="0" endx="200" endy="0" width="0" />
    <line originx="400" originy="0" endx="500" endy="0" width="0" />
    <sympin number="1" originx="100" originy="0" rotation="180" length="100" width="7.8740157480315" flipped="False">
      <text name="pinname" originx="140" originy="10" style="Default" rotation="0" justify="left" flipped="False" hidden="True" data="K" />
      <text name="pindes" originx="60" originy="10" style="Default" rotation="0" justify="lowerright" flipped="False" hidden="False" data="1" />
    </sympin>
    <sympin number="2" originx="500" originy="0" rotation="0" length="100" width="7.8740157480315" flipped="False">
      <text name="pinname" originx="460" originy="10" style="Default" rotation="0" justify="right" flipped="False" hidden="True" data="A" />
      <text name="pindes" originx="540" originy="10" style="Default" rotation="0" justify="lowerleft" flipped="False" hidden="False" data="2" />
    </sympin>
    <polygon type="polygon">
      <point x="200" y="0" />
      <point x="400" y="100" />
      <point x="400" y="-100" />
    </polygon>
  </symbol>
  <component name="1N4148" designatorprefix="D" height="0" footprint="DIOAD1068W53L380D172">
    <comppin designator="1" sympin="1" pinswap="0" gateswap="0" gate="1" group="1" side="" type="Any" name="K" />
    <comppin designator="2" sympin="2" pinswap="0" gateswap="0" gate="1" group="1" side="" type="Any" name="A" />
    <attached_symbol gate="1" name="1N4148" />
    <pinmap designator="1" footprintpin="1" />
    <pinmap designator="2" footprintpin="2" />
    <text name="Datasheet" originx="0" originy="0" style="Default" rotation="0" justify="" flipped="False" hidden="True" data="" />
    <text name="Description" originx="0" originy="0" style="Default" rotation="0" justify="" flipped="False" hidden="True" data="Small Signal Diode, 100V 0.3A 2-Pin DO35" />
    <text name="Mouser Part Number" originx="0" originy="0" style="Default" rotation="0" justify="" flipped="False" hidden="True" data="512-1N4148" />
    <text name="Mouser Price/Stock" originx="0" originy="0" style="Default" rotation="0" justify="" flipped="False" hidden="True" data="https://www.mouser.co.uk/ProductDetail/onsemi-Fairchild/1N4148?qs=i4Fj9T%2FoRm8RMUhj5DeFQg%3D%3D" />
    <text name="Manufacturer_Name" originx="0" originy="0" style="Default" rotation="0" justify="" flipped="False" hidden="True" data="onsemi" />
    <text name="Manufacturer_Part_Number" originx="450" originy="100" style="Default" rotation="0" justify="left" flipped="False" hidden="False" data="1N4148" />
  </component>
</quadcept_library>
